Allosteric Site,PDB ID,Modulator Name,Chain ID,Modulator ID,sequnce,residues
AS001000501,3UO9,04A,B,2,GLSSSPSEILQELGKGSTHPQPGVSPPAAPAAPGPKDGPGETDAFGNSEGKELVASGENKIKQGLLPSLEDLLFYTIAEGQEKIPVHKFITALKSTGLRTSDPRLKECMDMLRLTLQTTSDGVMLDKDLFKKCVQSNIVLLTQAFRRKFVIPDFMSFTSHIDELYESAKKQSGGKVADYIPQLAKFSPDLWGVSVCTVDGQRHSTGDTKVPFCLQSCVKPLKYAIAVNDLGTEYVHRYVGKEPSGLRFNKLFLNEDDKPHNPMVNAGAIVVTSLIKQGVNNAEKFDYVMQFLNKMAGNEYVGFSNATFQSERESGDRNFAIGYYLKEKKCFPEGTDMVGILDFYFQLCSIEVTCESASVMAATLANGGFCPITGERVLSPEAVRNTLSLMHSCGMYDFSGQFAFHVGLPAKSGVAGGILLVVPNVMGMMCWSPPLDKMGNSVKGIHFCHDLVSLCNFHNYDNLRHFAKKLDPRREGGDQRHSFGPLDYESLQQELALKETVWKKVSPESNEDISTTVVYRMESLGEKSHHHHHH,"LYS320,LEU321,PHE322,LEU323,ASN324,GLU325,TYR394"
AS001001701,4B2D,SER,A,1532,MGSSHHHHHHSSGLVPRGSKPHSEAGTAFIQTQQLHAAMADTFLEHMCRLDIDSPPITARNTGIICTIGPASRSVETLKEMIKSGMNVARLNFSHGTHEYHAETIKNVRTATESFASDPILYRPVAVALDTKGPEIRTGLIKGSGTAEVELKKGATLKITLDNAYMEKCDENILWLDYKNICKVVEVGSKIYVDDGLISLQVKQKGADFLVTEVENGGSLGSKKGVNLPGAAVDLPAVSEKDIQDLKFGVEQDVDMVFASFIRKASDVHEVRKVLGEKGKNIKIISKIENHEGVRRFDEILEASDGIMVARGDLGIEIPAEKVFLAQKMMIGRCNRAGKPVICATQMLESMIKKPRPTRAEGSDVANAVLDGADCIMLSGETAKGDYPLEAVRMQHLIAREAEAAIYHLQLFEELRRLAPITSDPTEATAVGAVEASFKCCSGAIIVLTKSGRSAHQVARYRPRAPIIAVTRNPQTARQAHLYRGIFPVLCKDPVQEAWAEDVDLRVNFAMNVGKARGFFKKGDVVIVLTGWRPGSGFTNTMRVVPVP,"ARG43,ASN44,THR45,GLY46,ASN70,ARG106,HIS464,TYR466,GLY468,ILE469,PHE470,PRO471"
AS001001702,3H6O,FBP,A,541,MGSSHHHHHHSSGLVPRGSMSKPHSEAGTAFIQTQQLHAAMADTFLEHMCRLDIDSPPITARNTGIICTIGPASRSVETLKEMIKSGMNVARLNFSHGTHEYHAETIKNVRTATESFASDPILYRPVAVALDTKGPEIRTGLIKGSGTAEVELKKGATLKITLDNAYMEKCDENILWLDYKNICKVVEVGSKIYVDDGLISLQVKQKGADFLVTEVENGGSLGSKKGVNLPGAAVDLPAVSEKDIQDLKFGVEQDVDMVFASFIRKASDVHEVRKVLGEKGKNIKIISKIENHEGVRRFDEILEASDGIMVARGDLGIEIPAEKVFLAQKMMIGRCNRAGKPVICATQMLESMIKKPRPTRAEGSDVANAVLDGADCIMLSGETAKGDYPLEAVRMQHLIAREAEAAIYHLQLFEELRRLAPITSDPTEATAVGAVEASFKCCSGAIIVLTKSGRSAHQVARYRPRAPIIAVTRNPQTARQAHLYRGIFPVLCKDPVQEAWAEDVDLRVNFAMNVGKARGFFKKGDVVIVLTGWRPGSGFTNTMRVVPVP,"LEU431,THR432,LYS433,SER434,GLY435,ARG436,SER437,TRP482,ASP485,ARG489,THR513,GLY514,TRP515,ARG516,PRO517,GLY518,SER519,GLY520,PHE521,THR522"
AS001001703,4G1N,NZT,A,603,QTQQLHAAMADTFLEHMCRLDIDSPPITARNTGIICTIGPASRSVETLKEMIKSGMNVARLNFSHGTHEYHAETIKNVRTATESFASDPILYRPVAVALDTKGPEIRTGLIKGSGTAEVELKKGATLKITLDNAYMEKCDENILWLDYKNICKVVEVGSKIYVDDGLISLQVKQKGADFLVTEVENGGSLGSKKGVNLPGAAVDLPAVSEKDIQDLKFGVEQDVDMVFASFIRKASDVHEVRKVLGEKGKNIKIISKIENHEGVRRFDEILEASDGIMVARGDLGIEIPAEKVFLAQKMMIGRCNRAGKPVICATQMLESMIKKPRPTRAEGSDVANAVLDGADCIMLSGETAKGDYPLEAVRMQHLIAREAEAAIYHLQLFEELRRLAPITSDPTEATAVGAVEASFKCCSGAIIVLTKSGRSAHQVARYRPRAPIIAVTRNPQTARQAHLYRGIFPVLCKDPVQEAWAEDVDLRVNFAMNVGKARGFFKKGDVVIVLTGWRPGSGFTNTMRVVPVP,"PHE26,MET30,ASN318,LEU353,ASP354,ALA388,ILE389,TYR390,GLN393,LEU394,GLU397"
AS001002301,2YHD,AV6,A,1921,PIFLNVLEAIEPGVVCAGHDNNQPDSFAALLSSLNELGERQLVHVVKWAKALPGFRNLHVDDQMAVIQYSWMGLMVFAMGWRSFTNVNSRMLYFAPDLVFNEYRMHKSRMYSQCVRMRHLSQEFGWLQITPQEFLCMKALLLFSIIPVDGLKNQKFFDELRMNYIKELDRIIACKRKNPTSCSRRFYQLTKLLDSVQPIARELHQFTFDLLIKSHMVSVDFPEMMAEIISVQVPKILSGKVKPIYFHTQ,"VAL716,LYS720,VAL730,GLN733,MET734,ILE737,GLN738,MET894,ILE898"
AS001002302,2YLO,YLO,A,1922,IEGYECQPIFLNVLEAIEPGVVCAGHDNNQPDSFAALLSSLNELGERQLVHVVKWAKALPGFRNLHVDDQMAVIQYSWMGLMVFAMGWRSFTNVNSRMLYFAPDLVFNEYRMHKSRMYSQCVRMRHLSQEFGWLQITPQEFLCMKALLLFSIIPVDGLKNQKFFDELRMNYIKELDRIIACKRKNPTSCSRRFYQLTKLLDSVQPIARELHQFTFDLLIKSHMVSVDFPEMMAEIISVQVPKILSGKVKPIYFHTQ,"PHE673,LEU722,PRO723,GLY724,PHE725,ARG726,ASN727,PHE826,GLU829,LEU830,ASN833,TYR834,GLU837"
AS001002601,3O96,IQO,A,444,GAMASDVAIVKEGWLHKRGEYIKTWRPRYFLLKNDGTFIGYKERPQDVDQREAPLNNFSVAQCQLMKTERPRPNTFIIRCLQWTTVIERTFHVETPEEREEWTTAIQTVADGLKKQEEEEMDFRSGSPSDNSGAEEMEVSLAKPKHRVTMNEFEYLKLLGKGTFGKVILVKEKATGRYYAMKILKKEVIVAKDEVAHTLTENRVLQNSRHPFLTALKYSFQTHDRLCFVMEYANGGELFFHLSRERVFSEDRARFYGAEIVSALDYLHSEKNVVYRDLKLENLMLDKDGHIKITDFGLCKEGIKDGATMKTFCGTPEYLAPEVLEDNDYGRAVDWWGLGVVMYEMMCGRLPFYNQDHEKLFELILMEEIRFPRTLGPEAKSLLSGLLKKDPKQRLGGGSEDAKEIMQHRFFAGIVWQHVYEKKLSPPFKPQVTSETDTRYFDEEFT,"TRP80,THR82,VAL83,ILE84,GLU85,VAL201,SER205,LEU210,THR211,LEU264,LYS268,VAL270,VAL271,TYR272,ARG273,ASP274,ILE290,THR291,ASP292,CYS296,TYR326"
AS001003001,1GZ3,FUM,A,605,HIKEKGKPLMLNPRTNKGMAFTLQERQMLGLQGLLPPKIETQDIQALRFHRNLKKMTSPLEKYIYIMGIQERNEKLFYRILQDDIESLMPIVYTPTVGLACSQYGHIFRRPKGLFISISDRGHVRSIVDNWPENHVKAVVVTDGERILGLGDLGVYGMGIPVGKLCLYTACAGIRPDQCLPVCIDVGTDNIALLKDPFYMGLYQKRDRTQQYDDLIDEFMKAITDRYGRNTLIQFEDFGNHNAFRFLRKYREKYCTFNDDIQGTAAVALAGLLAAQKVISKPISEHKILFLGAGEAALGIANLIVMSMVENGLSEQEAQKKIWMFDKYGLLVKGRKAKIDSYQEPFTHSAPESIPDTFEDAVNILKPSTIIGVAGAGRLFTPDVIRAMASINERPVIFALSNPTAQAECTAEEAYTLTEGRCLFASGSPFGPVKLTDGRVFTPGQGNNVYIFPGVALAVILCNTRHISDSVFLEAAKALTSQLTDEELAQGRLYPPLANIQEVSINIAIKVTEYLYANKMAFVYPEPEDKAKYVKEQTWRSEYDSLLPDVYEWP,"GLU59,GLN64,ARG67,TYR84,ILE88,ARG91,LEU95"
AS001003801,4MDK,U94,A,201,GSPSSQKALLLELKGLQEEPVEGFRVTLVDEGDLYNWEVAIFGPPNTYYEGGYFKARLKFPIDYPYSPPAFRFLTKMWHPNIYETGDVCISILHPPVDDPQSGELPSERWNPTQNVRTILLSVISLLNEPNTFSPANVDASVMYRKWKESKGKDREYTDIIRKQVLGTKVDAERDGVKVP,"GLU26,PHE28,ILE45,PHE46,GLY47,PRO48,ASN50,THR51,TYR52,TYR53,PHE58,ILE128,LEU131,ASN132,TYR148,TRP151,TYR161"
AS001003901,3KCG,NTP,I,433,HGSPVDICTAKPRDIPMNPMCIYRSPEKKATEDEGSEQKIPEATNRRVWELSKANSRFATTFYQHLADSKNDNDNIFLSPLSISTAFAMTKLGACNDTLQQLMEVFKFDTISEKTSDQIHFFFAKLNCRLYRKANKASKLVSANRLFGDKSLTFNETYQDISELVYGAKLQPLDFKENAEQSRAAINKWVSNKTEGRITDVIPSEAINELTVLVLVNTIYFKGLWKSKFSPENTRKELFYKADGESCSASMMYQEGKFRYRRVAEGTQVLELPFKGDDITMVLILPKPEKSLAKVEKELTPEVLQEWLDELEEMMLVVHMPRFRIEDGFSLKEQLQDMGLVDLFSPEKSKLPGIVAEGRDDLYVSDAFHKAFLEVNEEGSEAAASTAVVIAGRSLNPNRVTFKANRPFLVFIREVPLNTIIFMGRVANPCVK,
AS001004501,3PTZ,UDX,A,501,MFEIKKICCIGAGYVGGPTCSVIAHMCPEIRVTVVDVNESRINAWNSPTLPIYEPGLKEVVESCRGKNLFFSTNIDDAIKEADLVFISVNTPTKTYGMGKGRAADLKYIEACARRIVQNSNGYKIVTEKSTVPVRAAESIRRIFDANTKPNLNLQVLSNPEFLAEGTAIKDLKNPDRVLIGGDETPEGQRAVQALCAVYEHWVPREKILTTNTWSSELSKLAANAFLAQRISSINSISALCEATGADVEEVATAIGMDQRIGNKFLKASVGFGGSCFQKDVLNLVYLCEALNLPEVARYWQQVIDMNDYQRRRFASRIIDSLFNTVTDKKIAILGFAFKKDTGDTRESSSIYISKYLMDEGAHLHIYDPKVPREQIVVDLSHPGVSEDDQVSRLVTISKDPYEACDGAHAVVICTEWDMFKELDYERIHKKMLKPAFIFDGRRVLDGLHNELQTIGFQIETIGKKVSSKRIPYAPSGEIPKFSLQDPPNKKPKV,"THR131,GLU161,PHE162,LEU163,ALA164,GLU165,LYS220,ASN224,LEU227,ILE231,PHE265,LEU266,LYS267,SER269,GLY271,PHE272,GLY273,CYS276,PHE277,PHE338,LYS339,GLU416,ARG442"
AS001005901,2XJC,B4P,A,1490,GSSHHHHHHSSGLVPRGSMSTSWSDRLQNAADMPANMDKHALKKYRREAYHRVFVNRSLAMEKIKCFGFNMDYTLAVYKSPEYESLGFELTVERLVSIGYPQELLSFAYDSTFPTRGLVFDTLYGNLLKVDAYGNLLVCAHGFNFIRGPETREQYPNKFIQRDDTERFYILNTLFNLPETYLLACLVDFFTNCPRYTSCETGFKDGDLFMSYRSMFQDVRDAVDWVHYKGSLKEKTVENLEKYVVKDGKLPLLLSRMKEVGKVFLATNSDYKYTDKIMTYLFDFPHGPKPGSSHRPWQSYFDLILVDARKPLFFGEGTVLRQVDTKTGKLKIGTYTGPLQHGIVYSGGSSDTICDLLGAKGKDILYIGDHIFGDILKSKKRQGWRTFLVIPELAQELHVWTDKSSLFEELQSLDIFLAELYKHLDSSSNERPDISSIQRRIKKVTHDMDMCYGMMGSLFRSGSRQTLFASQVMRYADLYAASFINLLYYPFSYLFRAAHVLMPHESTVEHTHVDINEMESPLATRNRTSVDFKDTDYKRHQLTRSISEIKPPNL,"ARG144,ASP145,THR147,ILE152,ASN154,PHE354,LEU358,LYS359,LYS362,GLN453,ARG456,TYR457"
AS001006101,4BZB,DGT,A,800,MGSSHHHHHHSSGLVPRGSHMASMTGGQQMGRDPNSDTMKVINDPIHGHIELHPLLVRIIDTPQFQRLRYIKQLGGGYYVFPGASHNRFEHSLGVGYLAGCLVHALGEKQPELQISERDVLCVQIAGLCRNLGHGPFSHMFDGRFIPLARPEVKWTHEQGSVMMFEHLINSNGIKPVMEQYGLIPEEDICFIKEQIVGPLESPVEDSLWPYKGRPENKSFLYEIVSNKRNGIDVDKWDYFARDCHHLGIQNNFDYKRFIKFARVCEVDNELRICARDKEVGNLYDMFHTRNSLHRRAYQHKVGNIIDTMITDAFLKADDYIEITGAGGKKYRISTAIDDMEAYTKLTDNIFLEILYSTDPKLKDAREILKQIEYRNLFKYVGETQPTGQIKIKREDYESLPKEVASAKPKVLLDVKLKAEDFIVDVINMDYGMQEKNPIDHVSFYCKTAPNRAIRITKNQVSQLLPEKFAEQLIRVYCKKVDRKSLYAARQYFVQWCADRNFTKPQDGDVIAPLITPQKKEWNDSTSVQNPTRLREASKSRVQLFKDDPM,"VAL156,PHE157,PRO158,GLY324,ILE325,ARG372,HIS376,LYS377,VAL378"
AS001006401,4NBN,2J7,B,401,MGSAFYKREMFDPAEKYKMDHRRRGIALIFNHERFFWHLTLPERRGTCADRDNLTRRFSDLGFEVKCFNDLKAEELLLKIHEVSTVSHADADCFVCVFLSHGEGNHIYAYDAKIEIQTLTGLFKGDKCHSLVGKPKIFIIQAARGNQHDVPVIPLDVVDNQTEKLDTNITEVDAASVYTLPAGADFLMCYSVAEGYYSHRETVNGSWYIQDLCEMLGKYGSSLEFTELLTLVNRKVSQRRVDFCKDPSAIGKKQVPCFASMLTKKLHFFPKSNGNSHHHHHH,"ASN125,ALA195,SER196,VAL197,TYR198,THR199,LEU200,PRO201,GLU214"
AS001006501,3PYY,3YY,A,538,MHHHHHHENLYFQGSPNYDKWEMERTDITMKHKLGGGQYGEVYEGVWKKYSLTVAVKTLKEDTMEVEEFLKEAAVMKEIKHPNLVQLLGVCTREPPFYIITEFMTYGNLLDYLRECNRQEVNAVVLLYMATQISSAMEYLEKKNFIHRDLAARNCLVGENHLVKVADFGLSRLMTGDTYTAHAGAKFPIKWTAPESLAYNKFSIKSDVWAFGVLLWEIATYGMSPYPGIDLSQVYELLEKDYRMERPEGCPEKVYELMRACWQWNPSDRPSFAEIHQAFETMFQESSISDEVEKELGK,"ALA356,LEU359,LEU360,ALA363,LEU448,ILE451,ALA452,TYR454,GLU481,GLY482,CYS483,PRO484,VAL487,SER519"
AS001007301,1SHJ,NXN,A,401,TTRDRVPTYQYNMNFEKLGKCIIINNKNFDKVTGMGVRNGTDKDAEALFKCFRSLGFDVIVYNDCSCAKMQDLLKKASEEDHTNAACFACILLSHGEENVIYGKDGVTPIKDLTAHFRGARCKTLLEKPKLFFIQACRGTELDDGIQADSGPINDTDANPRYKIPVEADFLFAYSTVPGYYSWRSPGRGSWFVQALCSILEEHGKDLEIMQILTRVNDRVARHFESQSDDPHFHEKKQIPCVVSMLTKELYFSQQLHHHHHH,"GLU147,ASN148,ILE159,LYS160,TYR211,LYS212,ILE213,PRO214,PHE221,TYR223,CYS290,VAL292"
AS001007601,4AW0,MJF,A,600,GAMDGTAAEPRPGAGSLQHAQPPPQPRKKRPEDFKFGKILGEGSFSTVVLARELATSREYAIKILEKRHIIKENKVPYVTRERDVMSRLDHPFFVKLYFTFQDDEKLYFGLSYAKNGELLKYIRKIGSFDETCTRFYTAEIVSALEYLHGKGIIHRDLKPENILLNEDMHIQITDFGTAKVLSPESKQARANXFVGTAQYVSPELLTEKSAXKSSDLWALGCIIYQLVAGLPPFRAGNEGLIFAKIIKLEYDFPEKFFPKARDLVEKLLVLDATKRLGCEEMEGYGPLKAHPFFESVTWENLHQQTPPKLT,"LYS76,LYS115,ILE118,ILE119,VAL124,VAL127,THR128,ARG131,THR148,PHE149,GLN150,LEU155,TYR156,PHE157"
AS001008001,3M6F,BJZ,A,1,GSHMNVDLVFLFDGSMSLQPDEFQKILDFMKDVMKKLSNTSYQFAAVQFSTSYKTEFDFSDYVKRKDPDALLKHVKHMLLLTNTFGAINYVATEVFREELGARPDATKVLIIITDGEATDSGNIDAAKDIIRYIIGIGKHFQTKESQETLHKFASKPASEFVKILDTFEKLKDLFTELQKKIY,"VAL130,LEU132,PHE134,PHE153,VAL157,LEU161,TYR166,THR231,VAL233,ILE235,ILE255,TYR257,ILE259,GLU284,LYS287,LEU298,PHE299,LEU302,GLN303,LYS305,ILE306"
AS001008601,3ZCW,4A2,A,1366,GKNIQVVVRCRPFNLAERKASAHSIVECDPVRKEVSVRTGGLADKSSRKTYTFDMVFGASTKQIDVYRSVVCPILDEVIMGYNCTIFAYGQTGTGKTFTMEGERSPNEEYTWEEDPLAGIIPRTLHQIFEKLTDNGTEFSVKVSLLEIYNEELFDLLNPSSDVSERLQMFDDPRNKRGVIIKGLEEITVHNKDEVYQILEKGAAKRTTAATLMNAYSSRSHSVFSVTIHMKETTIDGEELVKIGKLNLVDLAGSENIGRSGAVDKRAREAGNINQSLLTLGRVITALVERTPHVPYRESKLTRILQDSLGGRTRTSIIATISPASLNLEETLSTLEYAHRAKNILNKP,"TYR104,LEU266,GLY268,SER269,GLU270,ASN271,ASN287,ILE288,ASN289,LEU292,LEU293,LEU295,GLY296,ARG297,ILE299,THR300,ILE332,THR349,TYR352,ALA353,ARG355,ALA356"
AS001008602,4BBG,V02,A,1370,MASQPNSSAKKKEEKGKNIQVVVRCRPFNLAERKASAHSIVECDPVRKEVSVRTGGLADKSSRKTYTFDMVFGASTKQIDVYRSVVCPILDEVIMGYNCTIFAYGQTGTGKTFTMEGERSPNEEYTWEEDPLAGIIPRTLHQIFEKLTDNGTEFSVKVSLLEIYNEELFDLLNPSSDVSERLQMFDDPRNKRGVIIKGLEEITVHNKDEVYQILEKGAAKRTTAATLMNAYSSRSHSVFSVTIHMKETTIDGEELVKIGKLNLVDLAGSENIGRSGAVDKRAREAGNINQSLLTLGRVITALVERTPHVPYRESKLTRILQDSLGGRTRTSIIATISPASLNLEETLSTLEYAHRAKNILNKPEVNQK,"THR112,GLU116,GLY117,GLU118,ARG119,TRP127,ASP130,LEU132,ALA133,ILE136,PRO137,LEU160,TYR211,LEU214,GLU215,GLY217,ALA218,ARG221"
AS001009302,1EM6,CP4,A,862,MAKPLTDQEKRRQISIRGIVGVENVAELKKSFNRHLHFTLVKDRNVATTRDYYFALAHTVRDHLVGRWIRTQQHYYDKCPKRVYYLSLEFYMGRTLQNTMINLGLQNACDEAIYQLGLDIEELEEIEEDAGLGNGGLGRLAACFLDSMATLGLAAYGYGIRYEYGIFNQKIRDGWQVEEADDWLRYGNPWEKSRPEFMLPVHFYGKVEHTNTGTKWIDTQVVLALPYDTPVPGYMNNTVNTMRLWSARAPNDFNLRDFNVGDYIQAVLDRNLAENISRVLYPNDNFFEGKELRLKQEYFVVAATLQDIIRRFKASKFGSTRGAGTVFDAFPDQVAIQLNDTHPALAIPELMRIFVDIEKLPWSKAWELTQKTFAYTNHTVLPEALERWPVDLVEKLLPRHLEIIYEINQKHLDRIVALFPKDVDRLRRMSLIEEEGSKRINMAHLCIVGSHAVNGVAKIHSDIVKTKVFKDFSELEPDKFQNKTNGITPRRWLLLCNPGLAELIAEKIGEDYVKDLSQLTKLHSFLGDDVFLRELAKVKQENKLKFSQFLETEYKVKINPSSMFDVQVKRIHEYKRQLLNCLHVITMYNRIKKDPKKLFVPRTVIIGGKAAPGYHMAKMIIKLITSVADVVNNDPMVGSKLKVIFLENYRVSLAEKVIPATDLSEQISTAGTEASGTGNMKFMLNGALTIGTMDGANVEMAEEAGEENLFIFGMRIDDVAALDKKGYEAKEYYEALPELKLVIDQIDNGFFSPKQPDLFKDIINMLFYHDRFKVFADYEAYVKCQDKVSQLYMNPKAWNTMVLKNIAASGKFSSDRTIKEYAQNIWNVEPSDLKISLSNESNKVNGN,"PHE37,THR38,VAL40,HIS57,ARG60,LEU63,VAL64,TRP67,PRO188,TRP189,GLU190,LYS191,PRO229"
AS001009901,3IFA,AMP,A,339,TDRSPFETDMLTLTRYVMEKGRQAKGTGELTQLLNSMLTAIKAISSAVRKAGLAHLYGIAGSVNVTGDQVKKLDVLSNSLVINMLQSSYSTCVLVSEENKDAIITAKEKRGKYVVCFDPLDGSSNIDCLASIGTIFAIYRKTSEDEPSEKDALQCGRNIVAAGYALYGSATLVALSTGQGVDLFMLDPALGEFVLVEKDVKIKKKGKIYSLNEGYAKYFDAATTEYVQKKKFPEDGSAPYGARYVGSMVADVHRTLVYGGIFLYPANQKSPKGKLRLLYECNPVAYIIEQAGGLATTGTQPVLDVKPEAIHQRVPLILGSPEDVQEYLTCVQKNQAGS,"VAL17,LYS20,GLY21,ALA24,GLY26,THR27,GLY28,GLU29,LEU30,THR31,LEU34,LYS112,TYR113,ARG140,VAL160,THR177"
AS001010601,3PXF,2AN,A,304,GPLGSPEFMENFQKVEKIGEGTYGVVYKARNKLTGEVVALKKIRLDTETEGVPSTAIREISLLKELNHPNIVKLLDVIHTENKLYLVFEFLHQDLKKFMDASALTGIPLPLIKSYLFQLLQGLAFCHSHRVLHRDLKPQNLLINTEGAIKLADFGLARAFGVPVRTYTHEVVTLWYRAPEILLGCKYYSTAVDIWSLGCIFAEMVTRRALFPGDSEIDQLFRIFRTLGTPDEVVWPGVTSMPDYKPSFPKWARQDFSKVVPPLDEDGRSLLSQMLHYDPNKRISAKAALAHPFFQDVTKPVPHLRL,"ILE35,LEU37,VAL44,ILE52,LYS56,VAL69,HIS71,LEU76,LEU78,VAL154"
AS001011401,3F9N,38M,A,324,AVPFVEDWDLVQTLGEGAYGEVQLAVNRVTEEAVAVKIVDMKRAVDCPENIKKEICINKMLNHENVVKFYGHRREGNIQYLFLEYCSGGELFDRIEPDIGMPEPDAQRFFHQLMAGVVYLHGIGITHRDIKPENLLLDERDNLKISDFGLATVFRYNNRERLLNKMCGTLPYVAPELLKRREFHAEPVDVWSCGIVLTAMLAGELPWDQPSDSCQEYSDWKEKKTYLNPWKKIDSAPLALLHKILVENPSARITIPDIKKDRWYNKPLKKGAKRPRVTSGGVSESPSGFSKHIQSNLDFSPVNSASRTPGSGWSKEHHHHHH,"PHE93,ILE96,PRO98,ASP99,PRO133,GLU134,PRO172,TYR173,ALA200,GLY204,GLU205,LEU206,PRO207,TRP208,ASP209,GLU217,LYS233"
AS001012101,4G8O,96P,D,403,APSYVAHLASDFGVRVFQQVAQASKDRNVVFSPYGVASVLAMLQLTTGGETQQQIQAAMGFKIDDKGMAPALRHLYKELMGPWNKDEISTTDAIFVQRDLKLVQGFMPHFFRLFRSTVKQVDFSEVERARFIINDWVKTHTKGMISHLLGTGAVDQLTRLVLVNALYFNGQWKTPFPDSSTHRRLFHKSDGSTVSVPMMAQTNKFNYTEFTTPDGHYYDILELPYHGDTLSMFIAAPYEKEVPLSALTNILSAQLISHWKGNMTRLPRLLVLPKFSLETEVDLRKPLENLGMTDMFRQFQADFTSLSDQEPLHVALALQKVKIEVNESGTVASSSTAVIVSARMAPEEIIIDRPFLFVVRHNPTGTVLFMGQVMEP,"TRP175,LYS176,THR177,PHE179,GLN204,ASN206,LYS207,PHE208,ASN209,GLU225,LEU226,PRO227,ASP231,ARG268"
AS001012401,4HSG,KTD,A,601,MGSSHHHHHHSSGLVPRGSDLQEDEDGVYFSSYGHYGIHEEMLKDKIRTESYRDFIYQNPHIFKDKVVLDVGCGTGILSMFAAKAGAKKVLGVDQSEILYQAMDIIRLNKLEDTITLIKGKIEEVHLPVEKVDVIISEWMGYFLLFESMLDSVLYAKNKYLAKGGSVYPDICTISLVAVSDVNKHADRIAFWDDVYGFKMSCMKKAVIPEAVVEVLDPKTLISEPCGIKHIDCHTTSISDLEFSSDFTLKITRTSMCTAIAGYFDIYFEKNCHNRVVFSTGPQSTKTHWKQTVFLLEKPFSVKAGEALKGKVTVHKNKKDPRSLTVTLTLNNSTQTYGLQ,"VAL387,ASP389,LYS392,HIS393,ARG396,VAL420,GLU422,LEU424,THR466,ALA467,VAL501,LEU503"
AS001012601,1T49,892,A,301,MEMEKEFEQIDKSGSWAAIYQDIRHEASDFPCRVAKLPKNKNRNRYRDVSPFDHSRIKLHQEDNDYINASLIKMEEAQRSYILTQGPLPNTCGHFWEMVWEQKSRGVVMLNRVMEKGSLKCAQYWPQKEEKEMIFEDTNLKLTLISEDIKSYYTVRQLELENLTTQETREILHFHYTTWPDFGVPESPASFLNFLFKVRESGSLSPEHGPVVVHCSAGIGRSGTFCLADTCLLLMDKRKDPSSVDIKKVLLEMRKFRMGLIQTADQLRFSYLAVIEGAKFIMGDSSVQDQWKELSHED,"SER187,PRO188,ALA189,LEU192,ASN193,PHE196,LYS197,GLU200,GLU276,GLY277,LYS279,PHE280,ILE281,MET282"
AS001012701,2BXA,C1F,A,2001,DAHKSEVAHRFKDLGEENFKALVLIAFAQYLQQCPFEDHVKLVNEVTEFAKTCVADESAENCDKSLHTLFGDKLCTVATLRETYGEMADCCAKQEPERNECFLQHKDDNPNLPRLVRPEVDVMCTAFHDNEETFLKKYLYEIARRHPYFYAPELLFFAKRYKAAFTECCQAADKAACLLPKLDELRDEGKASSAKQRLKCASLQKFGERAFKAWAVARLSQRFPKAEFAEVSKLVTDLTKVHTECCHGDLLECADDRADLAKYICENQDSISSKLKECCEKPLLEKSHCIAEVENDEMPADLPSLAADFVESKDVCKNYAEAKDVFLGMFLYEYARRHPDYSVVLLLRLAKTYETTLEKCCAAADPHECYAKVFDEFKPLVEEPQNLIKQNCELFEQLGEYKFQNALLVRYTKKVPQVSTPTLVEVSRNLGKVGSKCCKHPEAKRMPCAEDYLSVVLNQLCVLHEKTPVSDRVTKCCTESLVNRRPCFSALEVDETYVPKEFNAETFTFHADICTLSEKERQIKKQTALVELVKHKPKATKEQLKAVMDDFAAFVEKCCKADDKETCFAEEGKKLVAASQAALGL,"TYR150,LYS199,TRP214,ARG218,LEU219,ARG222,PHE223,LEU238,HIS242,ARG257,LEU260,ILE264,ILE290,ALA291"
AS001012702,3LU6,IMX,A,587,DAHKSEVAHRFKDLGEENFKALVLIAFAQYLQQCPFEDHVKLVNEVTEFAKTCVADESAENCDKSLHTLFGDKLCTVATLRETYGEMADCCAKQEPERNECFLQHKDDNPNLPRLVRPEVDVMCTAFHDNEETFLKKYLYEIARRHPYFYAPELLFFAKRYKAAFTECCQAADKAACLLPKLDELRDEGKASSAKQRLKCASLQKFGERAFKAWAVARLSQRFPKAEFAEVSKLVTDLTKVHTECCHGDLLECADDRADLAKYICENQDSISSKLKECCEKPLLEKSHCIAEVENDEMPADLPSLAADFVESKDVCKNYAEAKDVFLGMFLYEYARRHPDYSVVLLLRLAKTYETTLEKCCAAADPHECYAKVFDEFKPLVEEPQNLIKQNCELFEQLGEYKFQNALLVRYTKKVPQVSTPTLVEVSRNLGKVGSKCCKHPEAKRMPCAEDYLSVVLNQLCVLHEKTPVSDRVTKCCTESLVNRRPCFSALEVDETYVPKEFNAETFTFHADICTLSEKERQIKKQTALVELVKHKPKATKEQLKAVMDDFAAFVEKCCKADDKETCFAEEGKKLVAASQAALGL,"ARG209,ALA210,LYS212,ALA213,VAL216,SER232,VAL235,ASP324,VAL325,LEU327,GLY328,LEU331,LEU347,ALA350,LYS351,GLU354"
AS001012801,1NSG,RAD,A,108,GVQVETISPGDGRTFPKRGQTCVVHYTGMLEDGKKFDSSRDRNKPFKFMLGKQEVIRGWEEGVAQMSVGQRAKLTISPDYAYGATGHPGIIPPHATLVFDVELLKLE,"TYR26,PHE36,ASP37,PHE46,GLN53,GLU54,VAL55,ILE56,TRP59,TYR82,HIS87,ILE90,ILE91,PHE99"
AS001013501,4EBW,0PF,A,700,MSYYHHHHHHDYDIPTTENLYFQGAMGSSTRDYEIQRERIELGRCIGEGQFGDVHQGIYMSPENPALAVAIKTCKNCTSDSVREKFLQEALTMRQFDHPHIVKLIGVITENPVWIIMELCTLGELRSFLQVRKYSLDLASLILYAYQLSTALAYLESKRFVHRDIAARNVLVSSNDCVKLGDFGLSRYMEDSTYYKASKGKLPIKWMAPESINFRRFTSASDVWMFGVCMWEILMHGVKPFQGVKNNDVIGRIENGERLPMPPNCPPTLYSLMTKCWAYDPSRRPRFTELKAQLSTILEEEKAQ,"MET475,PHE478,ILE483,LEU534,LEU537,PHE542,HIS544,ARG550,ASN551,VAL552,LEU562,GLY563,ASP564,ASP604,MET607,PHE608,CYS611,PHE669"
AS001013701,3N1V,3N1,F,1,GPNSDVYAQEKQDFVQHFSQIVRVLTEDEMGHPEIGDAIARLKEVLEYNAIGGKYNRGLTVVVAFRELVEPRKQDADSLQRAWTVGWCVELLQAFFLVADDIMDSSLTRRGQICWYQKPGVGLDAINDANLLEACIYRLLKLYCREQPYYLNLIELFLQSSYQTEIGQTLDLLTAPQGNVDLVRFTEKRYKSIVKYKTAFYSFYLPIAAAMYMAGIDGEKEHANAKKILLEMGEFFQIQDDYLDLFGDPSVTGKIGTDIQDNKCSWLVVQCLQRATPEQYQILKENYGQKEAEKVARVKALYEELDLPAVFLQYEEDSYSHIMALIEQYAAPLPPAVFLGLARKIYKRRK,"TYR10,LYS57,ASN59,ARG60,THR63,SER205,PHE206,PHE239,LEU344,LYS347,ILE348"
AS001013801,3H1V,TK1,X,501,MVEQILAEFQLQEEDLKKVMRRMQKEMDRGLRLETHEEASVKMLPTYVRSTPEGSEVGDFLSLDLGGTNFRVMLVKVGEGEEGQWSVKTKHQMYSIPEDAMTGTAEMLFDYISECISDFLDKHQMKHKKLPLGFTFSFPVRHEDIDKGILLNWTKGFKASGAEGNNVVGLLRDAIKRRGDFEMDVVAMVNDTVATMISCYYEDHQCEVGMIVGTGCNACYMEEMQNVELVEGDEGRMCVNTEWGAFGDSGELDEFLLEYDRLVDESSANPGQQLYEKLIGGKYMGELVRLVLLRLVDENLLFHGEASEQLRTRGAFETRFVSQVESDTGDRKQIYNILSTLGLRPSTTDCDIVRRACESVSTRAAHMCSAGLAGVINRMRESRSEDVMRITVGVDGSVYKLHPSFKERFHASVRRLTPSCEITFIESEEGSGRGAALVSAVACKKACMLGQ,"TYR61,VAL62,ARG63,SER64,THR65,GLU96,GLY97,GLN98,ILE159,MET210,ILE211,TYR214,TYR215,HIS218,CYS220,GLU221,MET235,LEU451,VAL452,VAL455,ALA456"
AS001016401,1HKB,G6P,A,919,MIAAQLLAYYFTELKDDQVKKIDKYLYAMRLSDETLIDIMTRFRKEMKNGLSRDFNPTATVKMLPTFVRSIPDGSEKGDFIALDLGGSSFRILRVQVNHEKNQNVHMESEVYDTPENIVHGSGSQLFDHVAECLGDFMEKRKIKDKKLPVGFTFSFPCQQSKIDEAILITWTKRFKASGVEGADVVKLLNKAIKKRGDYDANIVAVVNDTVGTMMTCGYDDQHCEVGLIIGTGTNACYMEELRHIDLVEGDEGRMCINTEWGAFGDDGSLEDIRTEFDREIDRGSLNPGKQLFEKMVSGMYLGELVRLILVKMAKEGLLFEGRITPELLTRGKFNTSDVSAIEKNKEGLHNAKEILTRLGVEPSDDDCVSVQHVCTIVSFRSANLVAATLGAILNRLRDNKGTPRLRTTVGVDGSLYKTHPQYSRRFHKTLRRLVPDSDVRFLLSESGSGKGAAMVTAVAYRLAEQHRQIEETLAHFHLTKDMLLEVKKRMRAEMELGLRKQTHNNAVVKMLPSFVRRTPDGTENGDFLALDLGGTNFRVLLVKIRSGKKRTVEMHNKIYAIPIEIMQGTGEELFDHIVSCISDFLDYMGIKGPRMPLGFTFSFPCQQTSLDAGILITWTKGFKATDCVGHDVVTLLRDAIKRREEFDLDVVAVVNDTVGTMMTCAYEEPTCEVGLIVGTGSNACYMEEMKNVEMVEGDQGQMCINMEWGAFGDNGCLDDIRTHYDRLVDEYSLNAGKQRYEKMISGMYLGEIVRNILIDFTKKGFLFRGQISETLKTRGIFETKFLSQIESDRLALLQVRAILQQLGLNSTCDDSILVKTVCGVVSRRAAQLCGAGMAAVVDKIRENRGLDRLNVTVGVDGTLYKLHPHFSRIMHQTVKELSPKCNVSFLLSEDGSGKGAALITAVGVRLRTEASS,"ASP84,GLY87,SER88,ARG91,THR153,SER155,ASP209,ILE229,GLY231,THR232,ASP413,GLY414,SER415,GLY448,SER449"
AS001016902,4E6C,0O8,A,500,MSQERPTFYRQELNKTIWEVPERYQNLSPVGSGAYGSVCAAFDTKTGLRVAVKKLSRPFQSIIHAKRTYRELRLLKHMKHENVIGLLDVFTPARSLEEFNDVYLVTHLMGADLNNIVKCQKLTDDHVQFLIYQILRGLKYIHSADIIHRDLKPSNLAVNEDCELKILDFGLARHTDDEMTGYVATRWYRAPEIMLNWMHYNQTVDIWSVGCIMAELLTGRTLFPGTDHIDQLKLILRLVGTPGAELLKKISSESARNYIQSLTQMPKMNFANVFIGANPLAVDLLEKMLVLDSDKRITAAQALAHAYFAQYHDPDDEPVADPYDQSFESRDLLIDEWKSLTYDEVISFVPPPLDQEEMES,"LEU195,ASN196,TRP197,LEU232,ILE250,ALA255,ILE259"
AS001017201,3HNC,TTP,A,802,MHVIKRDGRQERVMFDKITSRIQKLCYGLNMDFVDPAQITMKVIQGLYSGVTTVELDTLAAETAATLTTKHPDYAILAARIAVSNLHKETKKVFSDVMEDLYNYINPHNGKHSPMVAKSTLDIVLANKDRLNSAIIYDRDFSYNYFGFKTLERSYLLKINGKVAERPQHMLMRVSVGIHKEDIDAAIETYNLLSERWFTHASPTLFNAGTNRPQLSSCFLLSMKDDSIEGIYDTLKQCALISKSAGGIGVAVSCIRATGSYIAGTNGNSNGLVPMLRVYNNTARYVDQGGNKRPGAFAIYLEPWHLDIFEFLDLKKNTGKEEQRARDLFFALWIPDLFMKRVETNQDWSLMCPNECPGLDEVWGEEFEKLYASYEKQGRVRKVVKAQQLWYAIIESQTETGTPYMLYKDSCNRKSNQQNLGTIKCSNLCTEIVEYTSKDEVAVCNLASLALNMYVTSEHTYDFKKLAEVTKVVVRNLNKIIDINYYPVPEACLSNKRHRPIGIGVQGLADAFILMRYPFESAEAQLLNKQIFETIYYGALEASCDLAKEQGPYETYEGSPVSKGILQYDMWNVTPTDLWDWKVLKEKIAKYGIRNSLLIAPMPTASTAQILGNNESIEPYTSNIYTRRVLSGEFQIVNPHLLKDLTERGLWHEEMKNQIIACNGSIQSIPEIPDDLKQLYKTVWEISQKTVLKMAAERGAFIDQSQSLNIHIAEPNYGKLTSMHFYGWKQGLKTGMYYLRTRPAANPIQFTLNKEKLKDKEKVSKEEEEKERNTAAMVCSLENRDECLMCGS,"ASP226,SER227,ILE228,ILE231,ILE255,ARG256,TYR261,ILE262,ALA263,GLY264,THR265,SER269,ASN270"
AS001019901,2BU6,TF2,A,1386,GSAPKYIEHFSKFSPSPLSMKQFLDFGSSNACEKTSFTFLRQELPVRLANIMKEINLLPDRVLSTPSVQLVQSWYVQSLLDIMEFLDKDPEDHRTLSQFTDALVTIRNRHNDVVPTMAQGVLEYKDTYGDDPVSNQNIQYFLDRFYLSRISIRMLINQHTLIFDGSTNPAHPKHIGSIDPNCNVSEVVKDAYDMAKLLCDKYYMASPDLEIQEINAANSKQPIHMVYVPSHLYHMLFELFKNAMRATVESHESSLILPPIKVMVALGEEDLSIKMSDRGGGVPLRKIERLFSYMYSTAPTPQPGTGGTPLAGFGYGLPISRLYAKYFQGDLQLFSMEGFGTDAVIYLKALSTDSVERLPVYNKSAWRHYQTIQEAGDWCVPSTEPKNTSTYRVS,"LEU23,GLN27,PHE28,PHE31,THR40,SER41,PHE44,LEU45,LEU160,GLN163,HIS164,ILE167"
AS001019902,2BU7,TF3,A,1386,GSAPKYIEHFSKFSPSPLSMKQFLDFGSSNACEKTSFTFLRQELPVRLANIMKEINLLPDRVLSTPSVQLVQSWYVQSLLDIMEFLDKDPEDHRTLSQFTDALVTIRNRHNDVVPTMAQGVLEYKDTYGDDPVSNQNIQYFLDRFYLSRISIRMLINQHTLIFDGSTNPAHPKHIGSIDPNCNVSEVVKDAYDMAKLLCDKYYMASPDLEIQEINAANSKQPIHMVYVPSHLYHMLFELFKNAMRATVESHESSLILPPIKVMVALGEEDLSIKMSDRGGGVPLRKIERLFSYMYSTAPTPQPGTGGTPLAGFGYGLPISRLYAKYFQGDLQLFSMEGFGTDAVIYLKALSTDSVERLPVYNKSAWRHYQTIQEAGDWCVPSTEPKNTSTYRVS,"LEU63,PRO64,ARG66,VAL67,VAL73,MET122,GLY125,VAL126,TYR129,SER139,ASN142,ILE143,PHE146,LEU147,TYR374,THR376"
AS001019903,2BU8,TF4,A,1379,GSAPKYIEHFSKFSPSPLSMKQFLDFGSSNACEKTSFTFLRQELPVRLANIMKEINLLPDRVLSTPSVQLVQSWYVQSLLDIMEFLDKDPEDHRTLSQFTDALVTIRNRHNDVVPTMAQGVLEYKDTYGDDPVSNQNIQYFLDRFYLSRISIRMLINQHTLIFDGSTNPAHPKHIGSIDPNCNVSEVVKDAYDMAKLLCDKYYMASPDLEIQEINAANSKQPIHMVYVPSHLYHMLFELFKNAMRATVESHESSLILPPIKVMVALGEEDLSIKMSDRGGGVPLRKIERLFSYMYSTAPTPQPGTGGTPLAGFGYGLPISRLYAKYFQGDLQLFSMEGFGTDAVIYLKALSTDSVERLPVYNKSAWRHYQTIQEAGDWCVPSTEPKNTSTYRVS,"LEU53,TYR80,SER83,ILE111,ARG112,HIS115,ARG154,ILE157,ARG158,ILE161"
AS001021601,4C7B,BVB,A,1395,SSDKGKLSLQDVAELIRARACQRVVVMVGAGISTPSGIPDFRSPGSGLYSNLQQYDLPYPEAIFELPFFFHNPKPFFTLAKELYPGNYKPNVTHYFLRLLHDKGLLLRLYTQNIDGLERVSGIPASKLVEAHGTFASATCTVCQRPFPGEDIRADVMADRVPRCPVCTGVVKPDIVFFGEPLPQRFLLHVVDFPMADLLLILGTSLEVEPFASLTEAVRSSVPRLLINRDLVGPLAWHPRSRDVAQLGDVVHGVESLVELLGWTEEMRDLVQRETGKLDGPDK,"GLY145,ALA146,SER149,ILE154,PHE157,ARG158,LEU173,PRO176,ILE179,PHE180,LEU195,GLN228,ASN229,ILE230,ASP231"
AS001022601,2ZMF,CMP,A,2001,GSSGSSGQTELNDFLLDVSKTYFDNIVAIDSLLEHIXIYAKNLVNADRCALFQVDHKNKELYSDLFDIGEEKEGKPVFKKTKEIRFSIEKGIAGQVARTGEVLNIPDAYADPRFNREVDLYTGYTTRNILCXPIVSRGSVIGVVQXVNKISGSAFSKTDENNFKXFAVFCALALHCANXYHRIRHSECI,"ARG286,CYS287,ALA288,PHE290,PHE304,ASP305,PHE324,GLY329,ILE330,ALA331,ARG351,PHE352,ASN353,VAL356,ASP357,TYR362,THR364,ILE367,GLN383,VAL385"
AS001023801,1Z8D,AMP,A,900,MSRPLSDQEKRKQIXVRGLAGVENVTELKKNFNRHLHFTLVKDRNVATPRDYYFALAHTVRDHLVGRWIRTQQHYYEKDPKRIYYLSLEFYMGRTLQNTMVNLALENACDEATYQLGLDMEELEEIEEDAGLGNGGLGRLAACFLDSMATLGLAAYGYGIRYEFGIFNQKISGGWQMEEADDWLRYGNPWEKARPEFTLPVHFYGHVEHTSQGAKWVDTQVVLAMPYDTPVPGYRNNVVNTMRLWSAKAPNDFNLKDFNVGGYIQAVLDRNLAENISRVLYPNDNFFEGKELRLKQEYFVVAATLQDIIRRFKSSKFGCRDPVRTNFDAFPDKVAIQLNDTHPSLAIPELMRILVDLERMDWDKAWDVTVRTCAYTNHTVLPEALERWPVHLLETLLPRHLQIIYEINQRFLNRVAAAFPGDVDRLRRMSLVEEGAVKRINMAHLCIAGSHAVNGVARIHSEILKKTIFKDFYELEPHKFQNKTNGITPRRWLVLCNPGLAEVIAERIGEDFISDLDQLRKLLSFVDDEAFIRDVAKVKQENKLKFAAYLEREYKVHINPNSLFDIQVKRIHEYKRQLLNCLHVITLYNRIKREPNKFFVPRTVMIGGKAAPGYHMAKMIIRLVTAIGDVVNHDPAVGDRLRVIFLENYRVSLAEKVIPAADLSEQISTAGTEASGTGNMXFMLNGALTIGTMDGANVEMAEEAGEENFFIFGMRVEDVDKLDQRGYNAQEYYDRIPELRQVIEQLSSGFFSPKQPDLFKDIVNMLMHHDRFKVFADYEDYIKCQEKVSALYKNPREWTRMVIRNIATSGKFSSDRTIAQYAREIWGVEPSRQRLPAPDEAI,"TRP67,ILE68,GLN71,GLN72,TYR75,ARG193,ARG242,ARG309,ARG310,LYS315,PHE316,GLY317,CYS318,ARG319"
AS001023803,1Z8D,ADE,A,902,MSRPLSDQEKRKQIXVRGLAGVENVTELKKNFNRHLHFTLVKDRNVATPRDYYFALAHTVRDHLVGRWIRTQQHYYEKDPKRIYYLSLEFYMGRTLQNTMVNLALENACDEATYQLGLDMEELEEIEEDAGLGNGGLGRLAACFLDSMATLGLAAYGYGIRYEFGIFNQKISGGWQMEEADDWLRYGNPWEKARPEFTLPVHFYGHVEHTSQGAKWVDTQVVLAMPYDTPVPGYRNNVVNTMRLWSAKAPNDFNLKDFNVGGYIQAVLDRNLAENISRVLYPNDNFFEGKELRLKQEYFVVAATLQDIIRRFKSSKFGCRDPVRTNFDAFPDKVAIQLNDTHPSLAIPELMRILVDLERMDWDKAWDVTVRTCAYTNHTVLPEALERWPVHLLETLLPRHLQIIYEINQRFLNRVAAAFPGDVDRLRRMSLVEEGAVKRINMAHLCIAGSHAVNGVARIHSEILKKTIFKDFYELEPHKFQNKTNGITPRRWLVLCNPGLAEVIAERIGEDFISDLDQLRKLLSFVDDEAFIRDVAKVKQENKLKFAAYLEREYKVHINPNSLFDIQVKRIHEYKRQLLNCLHVITLYNRIKREPNKFFVPRTVMIGGKAAPGYHMAKMIIRLVTAIGDVVNHDPAVGDRLRVIFLENYRVSLAEKVIPAADLSEQISTAGTEASGTGNMXFMLNGALTIGTMDGANVEMAEEAGEENFFIFGMRVEDVDKLDQRGYNAQEYYDRIPELRQVIEQLSSGFFSPKQPDLFKDIVNMLMHHDRFKVFADYEDYIKCQEKVSALYKNPREWTRMVIRNIATSGKFSSDRTIAQYAREIWGVEPSRQRLPAPDEAI,"ASN282,PHE285,ALA610,GLY612,TYR613"
AS001023902,4CFE,992,A,1553,MSHHHHHHSSGLEVLFQGPMAEKQKHDGRVKIGHYVLGDTLGVGTFGKVKIGEHQLTGHKVAVKILNRQKIRSLDVVGKIKREIQNLKLFRHPHIIKLYQVISTPTDFFMVMEYVSGGELFDYICKHGRVEEMEARRLFQQILSAVDYCHRHMVVHRDLKPENVLLDAHMNAKIADFGLSNMMSDGEFLRXSCGSPNYAAPEVISGRLYAGPEVDIWSCGVILYALLCGTLPFDDEHVPTLFKKIRGGVFYIPEYLNRSVATLLMHMLQVDPLKRATIKDIREHEWFKQDLPSYLFPEDPSYDANVIDDEAVKEVCEKFECTESEVMNSLYSGDPQDQLAVAYHLIIDNRRIMNQASEFYLASSPPSGSFMDDSAMHIPPGLKPHPERMPPLIADSPKARCPLDALNTTKPKSLAVKKAKWHLGIRSQSKPYDIMAEVYRAMKQLDFEWKVVNAYHLRVRRKNPVTGNYVKMSLQLYLVDNRSYLLDFKSIDDEVVEQRSGSSTPQRSCSAAGLHRPRSSFDSTTAESHSLSGSLTGSLTGSTLSSVSPRLGSHTMDFFEMCASLITTLAR,"VAL11,LEU18,GLY19,VAL24,GLY28,LYS29,LYS31,ILE46,ASN48,ASP88,PHE90"
AS001024901,3H30,RFZ,A,337,MSGPVPSRARVYTDVNTHRPREYWDYESHVVEWGNQDDYQLVRKLGRGKYSEVFEAINITNNEKVVVKILKPVKKKKIKREIKILENLRGGPNIITLADIVKDPVSRTPALVFEHVNNTDFKQLYQTLTDYDIRFYMYEILKALDYCHSMGIMHRDVKPHNVMIDHEHRKLRLIDWGLAEFYHPGQEYNVRVASRYFKGPELLVDYQMYDYSLDMWSLGCMLASMIFRKEPFFHGHDNYDQLVRIAKVLGTEDLYDYIDKYNIELDPRFNDILGRHSRKRWERFVHSENQHLVSPEALDFLDKLLRYDHQSRLTAREAMEHPYFYTVVKDQARM,"GLN36,TYR39,GLN40,LEU41,VAL67,ILE69,VAL101,ASP103,PRO104,ALA110"
AS001025201,4I1R,LZU,A,801,MLAKDKVALLIGNMNYREHPKLKAPLVDVYELTNLLRQLDFKVVSLLDLTEYEMRNAVDEFLLLLDKGVYGLLYYAGHGYENFGNSFMVPVDAPNPYRSENCLCVQNILKLMQEKETGLNVFLLDMCRKRNDYDDTIPILDALKVTANIVFGYATCQGAEAFEIQHSGLANGIFMKFLKDRLLEDKKITVLLDEVAEDMGKCHLTKGKQALEIRSSLSEKRALTDPIQGTEYSAESLVRNLQWAKAHELPESMCLKFDCGVQIQLGFAAEFSNVMIIYTSIVYKPPEIIMCDAYVTDFPLDLDIDPKDANKGTPEETGSYLVSKDLPKHCLYTRLSSLQKLKEHLVFTVCLSYQYSGLEDTVEDKQEVNVGKPLIAKLDMHRHHHHHH,"VAL344,ALA345,LEU346,LYS379,VAL381,ASN393,ALA394,GLU397,PHE398,LEU400,LEU401,ARG576,GLN579,TRP580,LEU715,MET717"
AS001026401,1W0F,STR,A,1499,MAYGTHSHGLFKKLGIPGPTPLPFLGNILSYHKGFCMFDMECHKKYGKVWGFYDGQQPVLAITDPDMIKTVLVKECYSVFTNRRPFGPVGFMKSAISIAEDEEWKRLRSLLSPTFTSGKLKEMVPIIAQYGDVLVRNLRREAETGKPVTLKDVFGAYSMDVITSTSFGVNIDSLNNPQDPFVENTKKLLRFDFLDPFFLSITVFPFLIPILEVLNICVFPREVTNFLRKSVKRMKESRLEDTQKHRVDFLQLMIDSQNSKETESHKALSDLELVAQSIIFIFAGYETTSSVLSFIMYELATHPDVQQKLQEEIDAVLPNKAPPTYDTVLQMEYLDMVVNETLRLFPIAMRLERVCKKDVEINGMFIPKGVVVMIPSYALHRDPKYWTEPEKFLPERFSKKNKDNIDPYIYTPFGSGPRNCIGMRFALMNMKLALIRVLQNFSFKPCKETQIPLKLSLGGLLQPEKPVVLKVESRDGTVSGAHHHH,"ARG212,PHE213,ASP214,ASP217,PHE219,PHE220,ILE238,VAL240"
AS001026701,1B86,DG2,D,701,VHLTPEEKSAVTALWGKVNVDEVGGEALGRLLVVYPWTQRFFESFGDLSTPDAVMGNPKVKAHGKKVLGAFSDGLAHLDNLKGTFATLSELHCDKLHVDPENFRLLGNVLVCVLAHHFGKEFTPPVQAAYQKVVAGVANALAHKYH,"HIS545,LYS625"
AS001027201,3LW0,CCX,A,1,AADVYVPDEWEVAREKITMSRELGQGSFGMVYEGVAKGVVKDEPETRVAIKTVNEAASMRERIEFLNEASVMKEFNCHHVVRLLGVVSQGQPTLVIMELMTRGDLKSYLRSLRPAMANNPVLAPPSLSKMIQMAGEIADGMAYLNANKFVHRDLAARNCMVAEDFTVKIGDFGMTRDIYETDYYRKGGKGLLPVRWMSPESLKDGVFTTYSDVWSFGVVLWEIATLAEQPYQGLSNEQVLRFVMEGGLLDKPDNCPDMLFELMRMCWQYNPKMRPSFLEIISSIKEEMEPGFREVSFYYSEENK,"LYS1033,GLU1050,ALA1051,MET1054,VAL1062,VAL1063,ARG1064,LEU1065,VAL1077,MET1079,PHE1131,HIS1133,ARG1134,ASP1135,ILE1151,GLY1152,ASP1153,LEU1174,PHE1189"
AS001028801,3O2M,46A,A,701,MSRSKRDNNFYSVEIGDSTFTVLKRYQNLKPIGSGAQGIVCAAYDAILERNVAIKKLSRPFQNQTHAKRAYRELVLMKCVNHKNIIGLLNVFTPQKSLEEFQDVYIVMELMDANLCQVIQMELDHERMSYLLYQMLCGIKHLHSAGIIHRDLKPSNIVVKSDCTLKILDFGLARTAGTSFMMEPEVVTRYYRAPEVILGMGYKENVDIWSVGCIMGEMVCHKILFPGRDYIDQWNKVIEQLGTPCPAFMKKLQPTVRNYVENRPKYAGYSFEKLFPDVLFPADSEHNKLKASQARDLLSKMLVIDASKRISVDEALQHPYINVWYDPSEAEAPPPKIPDKQLDEREHTIEEWKELIYKEVMDLEHHHHHH,"THR178,SER179,PHE180,PRO184,ILE197,LEU198,GLY199,TYR230,ILE231,TRP234,GLN253,THR255,VAL256,TYR259"
AS001028901,2I7N,ACO,A,796,PPFPWFGMDIGGTLVKLVYFEPKDITAEEEQEEVENLKSIRKYLTSNTAYGKTGIRDVHLELKNLTMCGRKGNLHFIRFPSCAMHRFIQMGSEKNFSSLHTTLCATGGGAFKFEEDFRMIADLQLHKLDELDCLIQGLLYVDSVGFNGKPECYYFENPTNPELCQKKPYCLDNPYPMLLVNMGSGVSILAVYSKDNYKRVTGTSLGGGTFLGLCCLLTGCETFEEALEMAAKGDSTNVDKLVKDIYGGDYERFGLQGSAVASSFGNMMSKEKRDSISKEDLARATLVTITNNIGSIARMCALNENIDRVVFVGNFLRINMVSMKLLAYAMDFWSKGQLKALFLEHEGYFGAVGALLELFK,"GLY416,SER417,GLY418,VAL419,SER420,ARG432,GLY435,THR436,SER437,ASN547"
AS001029501,4IO8,3FD,A,401,MAKAAAIGIDLGTTYSCVGVFQHGKVEIIANDQGNRTTPSYVAFTDTERLIGDAAKNQVALNPQNTVFDAKRLIGRKFGDPVVQSDMKHWPFQVINDGDKPKVQVSYKGDTKAFYPEEISSMVLTKMKEIAEAYLGYPVTNAVITVPAYFNDSQRQATKDAGVIAGLNVLRIINEPTAAAIAYGLDRTGKGERNVLIFDLGGGTFDVSILTIDDGIFEVKATAGDTHLGGEDFDNRLVNHFVEEFKRKHKKDISQNKRAVRRLRTACERAKRTLSSSTQASLEIDSLFEGIDFYTSITRARFEELCSDLFRSTLEPVEKALRDAKLDKAQIHDLVLVGGSTRIPKVQKLLQDFFNGRDLNKSINPDEAVAYGAAVQAAILMG,"TYR15,ASN35,THR37,GLY201,GLY202,GLY230,GLU231,GLU268,LYS271,ARG272,SER275,GLY339,SER340,ARG342,ILE343,ASP366"
AS001030001,4JA8,1K9,A,502,DKRIKVAKPVVEMDGDEMTRIIWQFIKEKLILPHVDIQLKYFDLGLPNRDQTDDQVTIDSALATQKYSVAVKCATITPDEARVEEFKLKKMWKSPNGTIQNILGGTVFREPIICKNIPRLVPGWTKPITIGRHAHGDQYKATDFVADRAGTFKMVFTPKDGSGVKEWEVYNFPAGGVGMGMYNTDESISGFAHSCFQYAIQKKWPLYMSTKNTILKAYDGRFKDIFQEIFDKHYKTDFDKNKIWYEHRLIDDMVAQVLKSSGGFVWACKNYDGDVQSDILAQGFGSLGLMTSVLVCPDGKTIEAEAAHGTVTRHYREHQKGRPTSTNPIASIFAWTRGLEHRGKLDGNQDLIRFAQMLEKVCVETVESGAMTKDLAGCIHGLSNVKLNEHFLNTTDFLDTIKSNLDRALGRQHHHH,"LEU160,TRP164,ILE168,ILE290,VAL294,VAL297,LEU298,TRP306,TYR311,ASP312,VAL315,GLN316,ILE319,LEU320"
AS002022501,3LSW,4MP,A,801,RTIVVTTILESPYVMYKKNHEQLEGNERYEGYCVDLAYEIAKHVRIKYKLSIVGDGKYGARDPETKIWNGMVGELVYGRADIAVAPLTITLVREEVIDFSKPFMSLGISIMIKKGTPIESAEDLAKQTEIAYGTLDSGSTKEFFRRSKIAVYEKMWSYMKSAEPSVFTKTTADGVARVRKSKGKFAFLLESTMNEYIEQRKPCDTMKVGGNLDSKGYGVATPKGSALGTPVNLAVLKLSEQGILDKLKNKWWYDKGEC,"PRO105,PHE106,MET107,SER108,SER217,LYS218,GLY219,SER242,LEU247"
AS002025401,3QH0,PLM,A,625,MLFRAVLLCAALGLSQAANHHHHHHPCCSNPCQNRGECMSTGFDQYKCDCTRTGFYGENCTTPEFLTRIKLLLKPTPNTVHYILTHFKGVWNIVNNIPFLRSLIMKYVLTSRSYLIDSPPTYNVHYGYKSWEAFSNLSYYTRALPPVADDCPTPMGVKGNKELPDSKEVLEKVLLRREFIPDPQGSNMMFAFFAQHFTHQFFKTDHKRGPGFTRGLGHGVDLNHIYGETLDRQHKLRLFKDGKLKYQVIGGEVYPPTVKDTQVEMIYPPHIPENLQFAVGQEVFGLVPGLMMYATIWLREHNRVCDILKQEHPEWGDEQLFQTSRLILIGETIKIVIEDYVQHLSGYHFKLKFDPELLFNQQFQYQNRIASEFNTLYHWHPLLPDTFNIEDQEYSFKQFLYNNSILLEHGLTQFVESFTRQIAGRVAGGRNVPIAVQAVAKASIDQSREMKYQSLNEYRKRFSLKPYTSFEELTGEKEMAAELKALYSDIDVMELYPALLVEKPRPDAIFGETMVELGAPFSLKGLMGNPICSPQYWKPSTFGGEVGFKIINTASIQSLICNNVKGCPFTSFNVQDPQPTKTATIAASASHSRLDDINPTVLIKRRSTEL,"VAL116,ARG120,PHE205,VAL344,TYR348,VAL349,LEU352,SER353,TYR355,PHE381,LEU384,TYR385,TRP387,PHE518,MET522,VAL523,GLY526,ALA527,SER530,LEU531,LEU534"
AS003000401,3QOP,CMP,A,301,MVLGKPQTDPTLEWFLSHCHIHKYPSKSTLIHQGEKAETLYYIVKGSVAVLIKDEEGKEMILFYLNQGDFIGELGLFEEGQERSAWVRAKTACEVAEISYKKFRQLIQVNPDILMRLSAQMARRLQVTSEKVGNLAFLDVTGRIAQTLLNLAKQPDAMTHPDGMQIKITRQEIGQIVGCSRETVGRILKMLEDQNLISAHGKTIVVYGTR,"ILE30,ALA36,VAL49,LEU61,PHE62,LEU64,ILE70,GLY71,GLU72,LEU73,GLY74,GLU81,ARG82,SER83,ALA84,VAL86,TYR99,ARG123,THR127"
AS003001201,1FIY,ASP,A,884,MNEQYSALRSNVSMLGKVLGETIKDALGEHILERVETIRKLSKSSRAGNDANRQELLTTLQNLSNDELLPVARAFSQFLNLANTAEQYHSISPKGEAASNPEVIARTLRKLKNQPELSEDTIKKAVESLSLELVLTAHPTEITRRTLIHKMVEVNACLKQLDNKDIADYEHNQLMRRLRQLIAQSWHTDEIRKLRPSPVDEAKWGFAVVENSLWQGVPNYLRELNEQLEENLGYKLPVEFVPVRFTSWMGGDRDGNPNVTADITRHVLLLSRWKATDLFLKDIQVLVSELSMVEATPELLALVGEEGAAEPYRYLMKNLRSRLMATQAWLEARLKGEELPKPEGLLTQNEELWEPLYACYQSLQACGMGIIANGDLLDTLRRVKCFGVPLVRIDIRQESTRHTEALGELTRYLGIGDYESWSEADKQAFLIRELNSKRPLLPRNWQPSAETREVLDTCQVIAEAPQGSIAAYVISMAKTPSDVLAVHLLLKEAGIGFAMPVAPLFETLDDLNNANDVMTQLLNIDWYRGLIQGKQMVMIGYSDSAKDAGVMAASWAQYQAQDALIKTCEKAGIELTLFHGRGGSIGRGGAPAHAALLSQPPGSLKGGLRVTEQGEMIRFKYGLPEITVSSLSLYTGAILEANLLPPPEPKESWRRIMDELSVISCDVYRGYVRENKDFVPYFRSATPEQELGKLPLGSRPAKRRPTGGVESLRAIPWIFAWTQNRLMLPAWLGAGTALQKVVEDGKQSELEAMCRDWPFFSTRLGMLEMVFAKADLWLAEYYDQRLVDKALWPLGKELRNLQEEDIKVVLAIANDSHLMADLPWIAESIQLRNIYTDPLNVLQAELLHRSRQAEKEGQEPDPRVEQALMVTIAGIAAGMRNTG,"ARG587,MET616,MET769,LYS773,MET819,ILE825,ILE829,ARG832,MET879,ARG880,ASN881"
AS003001601,2HIM,ASN,A,8001,MGSSHHHHHHSSGLVPRGSHMQKKSIYVAYTGGTIGMQRSEQGYIPVSGHLQRQLALMPEFHRPEMPDFTIHEYTPLMDSSDMTPEDWQHIAEDIKAHYDDYDGFVILHGTDTMAYTASALSFMLENLGKPVIVTGSQIPLAELRSDGQINLLNALYVAANYPINEVTLFFNNRLYRGNRTAKAHADGFDAFASPNLPPLLEAGIHIRRLNTPPAPHGEGELIVHPITPQPIGVVTIYPGISADVVRNFLRQPVKALILRSYGVGNAPQNKAFLQELQEASDRGIVVVNLTQCMSGKVNMGGYATGNALAHAGVIGGADMTVEATLTKLHYLLSQELDTETIRKAMSQNLRGELTPDD,"ALA162,ARG240,THR271,GLN272,CYS273,MET274,THR301,VAL302,GLU303"
AS003010701,1CE8,ORN,A,5011,MPKRTDIKSILILGAGPIVIGQACEFDYSGAQACKALREEGYRVINVNSNPATIMTDPEMADATYIEPIHWEVVRKIIEKERPDAVLPTMGGQTALNCALELERQGVLEEFGVTMIGATADAIDKAEDRRRFDVAMKKIGLETARSGIAHTMEEALAVAADVGFPCIIRPSFTMGGSGGGIAYNREEFEEICARGLDLSPTKELLIDESLIGWKEYEMEVVRDKNDNCIIVCSIENFDAMGIHTGDSITVAPAQTLTDKEYQIMRNASMAVLREIGVETGGSNVQFAVNPKNGRLIVIEMNPRVSRSSALASKATGFPIAKVAAKLAVGYTLDELMNDITGGRTPASFEPSIDYVVTKIPRFNFEKFAGANDRLTTQMKSVGEVMAIGRTQQESLQKALRGLEVGATGFDPKVSLDDPEALTKIRRELKDAGADRIWYIADAFRAGLSVDGVFNLTNIDRWFLVQIEELVRLEEKVAEVGITGLNADFLRQLKRKGFADARLAKLAGVREAEIRKLRDQYDLHPVYKRVDTCAAEFATDTAYMYSTYEEECEANPSTDREKIMVLGGGPNRIGQGIEFDYCCVHASLALREDGYETIMVNCNPETVSTDYDTSDRLYFEPVTLEDVLEIVRIEKPKGVIVQYGGQTPLKLARALEAAGVPVIGTSPDAIDRAEDRERFQHAVERLKLKQPANATVTAIEMAVEKAKEIGYPLVVRPSYVLGGRAMEIVYDEADLRRYFQTAVSVSNDAPVLLDHFLDDAVEVDVDAICDGEMVLIGGIMEHIEQAGVHSGDSACSLPAYTLSQEIQDVMRQQVQKLAFELQVRGLMNVQFAVKNNEVYLIEVNPRAARTVPFVSKATGVPLAKVAARVMAGKSLAEQGVTKEVIPPYYSVKEVVLPFNKFPGVDPLLGPEMRSTGEVMGVGRTFAEAFAKAQLGSNSTMKKHGRALLSVREGDKERVVDLAAKLLKQGFELDATHGTAIVLGEAGINPRLVNKVHEGRPHIQDRIKNGEYTYIINTTSGRRAIEDSRVIRRSALQYKVHYDTTLNGGFATAMALNADATEKVISVQEMHAQIK,"GLU783,ASP791,SER792,ALA793,GLU892,VAL893,LEU895,LEU907,HIS1039,TYR1040,ASP1041,THR1042,THR1043"
AS003010702,1CE8,IMP,A,5012,MPKRTDIKSILILGAGPIVIGQACEFDYSGAQACKALREEGYRVINVNSNPATIMTDPEMADATYIEPIHWEVVRKIIEKERPDAVLPTMGGQTALNCALELERQGVLEEFGVTMIGATADAIDKAEDRRRFDVAMKKIGLETARSGIAHTMEEALAVAADVGFPCIIRPSFTMGGSGGGIAYNREEFEEICARGLDLSPTKELLIDESLIGWKEYEMEVVRDKNDNCIIVCSIENFDAMGIHTGDSITVAPAQTLTDKEYQIMRNASMAVLREIGVETGGSNVQFAVNPKNGRLIVIEMNPRVSRSSALASKATGFPIAKVAAKLAVGYTLDELMNDITGGRTPASFEPSIDYVVTKIPRFNFEKFAGANDRLTTQMKSVGEVMAIGRTQQESLQKALRGLEVGATGFDPKVSLDDPEALTKIRRELKDAGADRIWYIADAFRAGLSVDGVFNLTNIDRWFLVQIEELVRLEEKVAEVGITGLNADFLRQLKRKGFADARLAKLAGVREAEIRKLRDQYDLHPVYKRVDTCAAEFATDTAYMYSTYEEECEANPSTDREKIMVLGGGPNRIGQGIEFDYCCVHASLALREDGYETIMVNCNPETVSTDYDTSDRLYFEPVTLEDVLEIVRIEKPKGVIVQYGGQTPLKLARALEAAGVPVIGTSPDAIDRAEDRERFQHAVERLKLKQPANATVTAIEMAVEKAKEIGYPLVVRPSYVLGGRAMEIVYDEADLRRYFQTAVSVSNDAPVLLDHFLDDAVEVDVDAICDGEMVLIGGIMEHIEQAGVHSGDSACSLPAYTLSQEIQDVMRQQVQKLAFELQVRGLMNVQFAVKNNEVYLIEVNPRAARTVPFVSKATGVPLAKVAARVMAGKSLAEQGVTKEVIPPYYSVKEVVLPFNKFPGVDPLLGPEMRSTGEVMGVGRTFAEAFAKAQLGSNSTMKKHGRALLSVREGDKERVVDLAAKLLKQGFELDATHGTAIVLGEAGINPRLVNKVHEGRPHIQDRIKNGEYTYIINTTSGRRAIEDSRVIRRSALQYKVHYDTTLNGGFATAMALNADATEKVISVQEMHAQIK,"SER948,VAL949,ARG950,LYS954,THR974,HIS975,GLY976,THR977,LYS993,VAL994,HIS995,ILE1001,ASN1015,THR1016,THR1017,ASP1025,SER1026,VAL1028,ILE1029,ARG1030"
AS003012204,2Q8M,BG6,A,340,XKTLGEFIVEKQHEFSHATGELTALLSAIKLGAKIIHRDINKAGLVDILGASGAENVQGEVQQKLDLFANEKLKAALKARDIVAGIASEEEDEIVVFEGCEHAKYVVLXDPLDGSSNIDVNVSVGTIFSIYRRVTPVGTPVTEEDFLQPGNKQVAAGYVVYGSSTXLVYTTGCGVHAFTYDPSLGVFCLCQERXRFPEKGKTYSINEGNYIKFPNGVKKYIKFCQEEDKSTNRPYTSRYIGSLVADFHRNLLKGGIYLYPSTASHPDGKLRLLYECNPXAFLAEQAGGKASDGKERILDIIPETLHQRRSFFVGNDHXVEDVERFIREFPDA,"GLU207,TYR210,ILE221,LYS222,GLN225"
AS003014301,4JAF,NAI,A,503,ADTKAKLTLDGDTAVELDVLKGTLGQDVIDIRTLGSKGVFTFDPGFTSTTSCESKITFIDGDEGILLHRGFPIDQLATDSNYLEVCYILLNGEKPTQEQYDEFKTTVTRHTMIHEQITRLFHAFRRDSHPMAVMCGITGALAAFYHDSLDVNNPRHREIAAFRLLSKMPTMAAMCYKYSIGQPFVYPRNDLSYAGNFLNMMFSTPCEPYEVNPILERAMDRILILHADHEQNASTSTVRTAGSSGANPFACIAAGIASLWGPAHGGANEAALKMLEEIGKKENIPEFVRRAKDKNDSFRLMGFGHRVYKNYDPRATVMRETCHEVLKELGTKDDLLEVAMELENIALNDPYFIEKKLYPNVDFYSGIILKAMGIPSSMFTVIFAMARTVGWIAHWSEMHSDGMKIARPRQLYTGYEKRDFKSDIKR,"THR106,THR108,ARG109,HIS110,THR111,MET112,ILE113,HIS114,TYR145,ARG155,GLU158,ILE159,PHE162,ARG163,LYS167,ASN189"
AS003014801,1EFA,NPF,A,901,MKPVTLYDVAEYAGVSYQTVSRVVNQASHVSAKTREKVEAAMAELNYIPNRVAQQLAGKQSLLIGVATSSLALHAPSQIVAAIKSRADQLGASVVVSMVERSGVEACKTAVHNLLAQRVSGLIINYPLDDQDAIAVEAACTNVPALFLDVSDQTPINSIIFSHEDGTRLGVEHLVALGHQQIALLAGPLSSVSARLRLAGWHKYLTRNQIQPIAEREGDWSAMSGFQQTMQMLNEGIVPTAMLVANDQMALGAMRAITESGLRVGADISVVGYDDTEDSSCYIPPLTTIKQDFRLLGQTSVDRLLQLSQGQAVKGNQLLPVSLVKRKTTLAPN,"LEU73,HIS74,ALA75,PRO76,ILE79,ASN125,LEU148,ASP149,PHE161,SER191,SER193,ARG197,TRP220,ASN246,TYR273,ASP274,GLN291,PHE293,LEU296"
AS003016602,3R1R,ATP,A,762,MNQNLLVTKRDGSTERINLDKIHRVLDWAAEGLHNVSISQVELRSHIQFYDGIKTSDIHETIIKAAADLISRDAPDYQYLAARLAIFHLRKKAYGQFEPPALYDHVVKMVEMGKYDNHLLEDYTEEEFKQMDTFIDHDRDMTFSYAAVKQLEGKYLVQNRVTGEIYESAQFLYILVAACLFSNYPRETRLQYVKRFYDAVSTFKISLPTPIMSGVRTPTRQFSSCVLIECGDSLDSINATSSAIVKYVSQRAGIGINAGRIRALGSPIRGGEAFHTGCIPFYKHFQTAVKSCSQGGVRGGAATLFYPMWHLEVESLLVLKNNRGVEGNRVRHMDYGVQINKLMYTRLLKGEDITLFSPSDVPGLYDAFFADQEEFERLYTKYEKDDSIRKQRVKAVELFSLMMQERASTGRIYIQNVDHCNTHSPFDPAIAPVRQSNLCLEIALPTKPLNDVNDENGEIALCTLSAFNLGAINNLDELEELAILAVRALDALLDYQDYPIPAAKRGAMGRRTLGIGVINFAYYLAKHGKRYSDGSANNLTHKTFEAIQYYLLKASNELAKEQGACPWFNETTYAKGILPIDTYKKDLDTIANEPLHYDWEALRESIKTHGLRNSTLSALMPSETSSQISNATNGIEPPRGYVSIKASKDGILRQVVPDYEHLHDAYELLWEMPGNDGYLQLVGIMQKFIDQSISANTNYDPSRFPSGKVPMQQLLKDLLTAYKFGVKTLYYQNTRDGAEDAQDDLVPSIQDDGCESGACKI,"LYS9,ARG10,GLU15,ARG16,ILE17,ASN18,LYS21,ILE22,VAL25,THR55,HIS59,ILE62,PHE87,LYS91"
AS003017301,2WU1,16G,A,1267,MRLIPLTTAEQVGKWAARHIVNRINAFKPTADRPFVLGLPTGGTPMTTYKALVEMHKAGQVSFKHVVTFNMDEYVGLPKEHPESYYSFMHRNFFDHVDIPAENINLLNGNAPDIDAECRQYEEKIRSYGKIHLFMGGVGNDGHIAFNEPASSLASRTRIKTLTHDTRVANSRFFDNDVNQVPKYALTVGVGTLLDAEEVMILVLGSQKALALQAAVEGCVNHMWTISCLQLHPKAIMVCDEPSTMELKVKTLRYFNELEAENIKGL,"MET1,ARG2,PRO233,LEU258"
AS003019101,1PCQ,ADP,A,600,AAKDVKFGNDARVKMLRGVNVLADAVKVTLGPKGRNVVLDKSFGAPTITKDGVSVAREIELEDKFENMGAQMVKEVASKANDAAGDGTTTATVLAQAIITEGLKAVAAGMNPMDLKRGIDKAVTAAVEELKALSVPCSDSKAIAQVGTISANSDETVGKLIAEAMDKVGKEGVITVEDGTGLQDELDVVEGMQFDRGYLSPYFINKPETGAVELESPFILLADKKISNIREMLPVLEAVAKAGKPLLIIAEDVEGEALATLVVNTMRGIVKVAAVKAPGFGDRRKAMLQDIATLTGGTVISEEIGMELEKATLEDLGQAKRVVINKDTTTIIDGVGEEAAIQGRVAQIRQQIEEATSDYDREKLQERVAKLAGGVAVIKVGAATEVEMKEKKARVEDALHATRAAVEEGVVAGGGVALIRVASKLADLRGQNEDQNVGIKVALRAMEAPLRQIVLNCGEEPSVVANTVKGGDGNYGYNAATEEYGNMIDMGILDPTKVTRSALQYAASVAGLMITTECMVTDLP,"THR30,LEU31,GLY32,PRO33,LYS51,ASP87,GLY88,THR89,THR90,THR91,ILE150,GLY414,GLY415,GLY416,ILE454,TYR478,ASN479,ALA480,ALA481,MET488,ILE493,ASP495"
AS003019201,1H5S,TMP,A,1292,MKMRKGIILAGGSGTRLYPVTMAVSKQLLPIYDKPMIYYPLSTLMLAGIRDILIISTPQDTPRFQQLLGDGSQWGLNLQYKVQPSPDGLAQAFIIGEEFIGGDDCALVLGDNIFYGHDLPKLMEAAVNKESGATVFAYHVNDPERYGVVEFDKNGTAISLEEKPLEPKSNYAVTGLYFYDNDVVLMAKNLKPSARGELEITDINRIYLEQGRLSVALMGRGYAWLDTGTHQSLIEASNFIATIEERQGLKVSCPEEIAFRKGFIDVEQVRKLAVPLIKNNYGQYLYKMTKDSN,"LEU46,PHE114,TYR115,GLY116,HIS117,ASP118,LEU119,PRO120,LYS250,VAL251,SER252,GLU256,ILE257,ARG260"
AS003022001,2V4Y,GTP,A,1242,MATNAKPVYKRILLKLSGEALQGTEGFGIDASILDRMAQEIKELVELGIQVGVVIGGGNLFRGAGLAKAGMNRVVGDHMGMLATVMNGLAMRDALHRAYVNARLMSAIPLNGVCDSYSWAEAISLLRNNRVVILSAGTGNPFFTTDSAACLRGIEIEANVVLKATKVDGVFTADPAKDPTATMYEQLTYSEVLEKELKVMDLAAFTLARDHKLPIRVFNMNKPGALRRVVMGEKEGTLITE,"LEU89,ARG92,ASP93,HIS96,ASN101,ALA102,ARG103,ARG130"
AS003026901,1H9G,COA,A,1228,FADRMVIKAQSPAGFAEEYIIESIWNNRFPPGTILPAERELSELIGVTRTTLREVLQRLARDGWLTIQHGKPTKVNNFWETSGLNILETLARLDHESVPQLIDNLLSVRTNISTIFIRTAFRQHPDKAQEVLATANEVADHADAFAELDYNIFRGLAFASGNPIYGLILNGMKGLYTRIGRHYFANPEARSLALGFYHKLSALCSEGAHDQVYETVRRYGHESGEIWHRMQKNLPGDLAIQGR,"ASP99,ASN100,LEU102,SER103,ARG105,THR106,ASN107,ILE175,TYR179,ARG213,GLY216,HIS217,SER219,GLY220,TRP223,HIS224"
AS003028002,2JFN,UMA,A,1286,MATKLQDGNTPCLAATPSEPRPTVLVFDSGVGGLSVYDEIRHLLPDLHYIYAFDNVAFPYGEKSEAFIVERVVAIVTAVQERYPLALAVVACNTASTVSLPALREKFDFPVVGVVPAIKPAARLTANGIVGLLATRGTVKRSYTHELIARFANECQIEMLGSAEMVELAEAKLHGEDVSLDALKRILRPWLRMKEPPDTVVLGCTHFPLLQEELLQVLPEGTRLVDSGAAIARRTAWLLEHEAPDAKSADANIAFCMAMTPGAEQLLPVLQRYGFETLEKLAVLG,"LEU100,ARG104,VAL112,GLY113,VAL114,VAL115,PRO116,ALA117,LYS119,PRO120,TYR143,PHE151,SER227,ALA230,ILE231,ARG233,ARG234"
AS003029001,1PFK,ADP,A,326,MIKKIGVLTSGGDAPGMNAAIRGVVRSALTEGLEVMGIYDGYLGLYEDRMVQLDRYSVSDMINRGGTFLGSARFPEFRDENIRAVAIENLKKRGIDALVVIGGDGSYMGAMRLTEMGFPCIGLPGTIDNDIKGTDYTIGFFTALSTVVEAIDRLRDTSSSHQRISVVEVMGRYCGDLTLAAAIAGGCEFVVVPEVEFSREDLVNEIKAGIAKGKKHAIVAITEHMCDVDELAHFIEKETGRETRATVLGHIQRGGSPVPYDRILASRMGAYAIDLLLAGYGGRCVGIQNEQLVHHDIIDAIENMKRPFKGDWLDCAKKLY,"ARG154,SER158,GLY185,GLU187,LYS211,GLY212,LYS213,LYS214,HIS215,TYR319"
AS004000201,3EPS,AMP,A,1604,SPRGLELLIAQTILQGFDAQYGRFLEVTSGAQQRFEQADWHAVQQAMKNRIHLYDHHVGLVVEQLRCITNGQSTDAEFLLRVKEHYTRLLPDYPRFEIAESFFNSVYCRLFDHRSLTPERLFIFSSQPERRFRTIPRPLAKDFHPDHGWESLLMRVISDLPLRLHWQNKSRDIHYIIRHLTETLGPENLSKSHLQVANELFYRNKAAWLVGKLITPSGTLPFLLPIHQTDDGELFIDTCLTTTAEASIVFGFARSYFMVYAPLPAALVEWLREILPGKTTAELYMAIGCQKHAKTESYREYLVYLQGCNEQFIEAPGIRGMVMLVFTLPGFDRVFKVIKDKFAPQKEMSAAHVRACYQLVKEHDRVGRMADTQEFENFVLEKRHISPALMELLLQEAAEKITDLGEQIVIRHLYIERRMVPLNIWLEQVEGQQLRDAIEEYGNAIRQLAAANIFPGDMLFKNFGVTRHGRVVFYDYDEICYMTEVNFRDIPPPRYPEDELASEPWYSVSPGDVFPEEFRHWLCADPRIGPLFEEMHADLFRADYWRALQNRIREGHVEDVYAYRRRQRFSVRYGEMLF,"TYR54,SER101,ASN104,SER105,CYS108,HIS113,LEU116,LYS291,LYS294,THR295,TYR298,PHE375,GLU376,ASN377,PHE378"
AS005004201,3VQ8,BCU,A,1006,SSPGIWQLDCTHLEGKVILVAVHVASGYIEAEVIPAETGQETAYFLLKLAGRWPVKTVHTDNGSNFTGATVRAACDWAGIKQEDGIPYNPQSQGVIESMNKELKKIIGQVRDQAEHLKTAVQMAVFIHNHKRKGGIGGYSAGERIVDIIATDIQTKE,"GLN95,ALA98,TYR99,LEU102,THR125,ALA128,ALA129,TRP132"
AS005004204,3L3V,SUC,A,1,MHGQVDSSPGIWQLDCTHLEGKVILVAVHVASGYIEAEVIPAETGQETAYFLLKLAGRWPVKTVHTDNGSNFTSTTVKAACDWAGIKQEDGIPYNPQSQGVIESMNKELKKIIGQVRDQAEHLKTAVQMAVFIHNHKRKGGIGGYSAGERIVDIIATDIQTKE,
AS007000801,4P3H,25G,A,201,GLYVGGFVDVVSCPKLEQELYLDPDQVTDYLPVTEPLPITIEHLPETEVGWTLGLFQVSHGIFCTGAITSPAFLELASRLADTSHVARAPVKNLPKEPLLEILHTWLPGLSLSSIHPRELSQTPSGPVFQHVSLCALGRRRGTVAVYGHDAEWVVSRFSSVSKSERAHILQHVSSCRLEDLSTPNFVSPLETL,"ILE44,VAL52,PHE76,LEU79,ALA80,LEU83,ALA90,ILE105,LEU106,TRP109,LEU110,ALA139,PHE189,PRO192,LEU193"
AS008000901,2PUV,UD1,B,5003,MKGPYKHFMQKEIFEQPDSAFNTMRGRIDFENCVVTLGGLKSWLSTIRRCRRIIMIACGTSYHSCLATRSIFEELTEIPVSVELASDFLDRRSPVFRDDTCVFVSQSGETADSILALQYCLERGALTVGIVNSVGSSMSRQTHCGVHINAGPEIGVASTKAYTSQYIALVMFALSLSNDSISRKGRHEEIIKGLQKIPEQIKQVLKLENKIKDLCNSSLNDQKSLLLLGRGYQFATALEGALKIKEISYMHSEGVLAGELKHGILALVDEDLPIIAFATRDSLFPKVMSAIEQVTARDGRPIVICNEGDAIISNDKVHTTLEVPETVDCLQGLLNVIPLQLISYWLAVNRGIDVDFPRNLAKSVTVE,"ARG372,GLY383,GLY384,GLY474,ILE475,VAL476,VAL479,MET483,SER484,THR487,HIS488,CYS489,GLY490,VAL491,HIS492"
AS009012901,3KGF,PHE,A,9003,GAMNWTVDIPIDQLPSLPPLPTDLRTRLDAALAKPAAQQPTWPADQALAMRTVLESVPPVTVPSEIVRLQEQLAQVAKGEAFLLQGGDCAETFMDNTEPHIRGNVRALLQMAVVLTYGASMPVVKVARIAGQYAKPRSADIDALGLRSYRGDMINGFAPDAAAREHDPSRLVRAYANASAAMNLVRALTSSGLASLHLVHDWNREFVRTSPAGARYEALATEIDRGLRFMSACGVADRNLQTAEIYASHEALVLDYERAMLRLSDGDDGEPQLFDLSAHTVWIGERTRQIDGAHIAFAQVIANPVGVKLGPNMTPELAVEYVERLDPHNKPGRLTLVSRMGNHKVRDLLPPIVEKVQATGHQVIWQCDPMHGNTHESSTGFKTRHFDRIVDEVQGFFEVHRALGTHPGGIHVEITGENVTECLGGAQDISETDLAGRYETACDPRLNTQQSLELAFLVAEMLRD,"PHE91,MET92,ASN94,ARG171,ALA174,ASN175,ALA178"
AS009012902,3KGF,TRP,A,9004,GAMNWTVDIPIDQLPSLPPLPTDLRTRLDAALAKPAAQQPTWPADQALAMRTVLESVPPVTVPSEIVRLQEQLAQVAKGEAFLLQGGDCAETFMDNTEPHIRGNVRALLQMAVVLTYGASMPVVKVARIAGQYAKPRSADIDALGLRSYRGDMINGFAPDAAAREHDPSRLVRAYANASAAMNLVRALTSSGLASLHLVHDWNREFVRTSPAGARYEALATEIDRGLRFMSACGVADRNLQTAEIYASHEALVLDYERAMLRLSDGDDGEPQLFDLSAHTVWIGERTRQIDGAHIAFAQVIANPVGVKLGPNMTPELAVEYVERLDPHNKPGRLTLVSRMGNHKVRDLLPPIVEKVQATGHQVIWQCDPMHGNTHESSTGFKTRHFDRIVDEVQGFFEVHRALGTHPGGIHVEITGENVTECLGGAQDISETDLAGRYETACDPRLNTQQSLELAFLVAEMLRD,"LEU107,ALA110,VAL111,THR114,LYS123,ALA192,SER193,LEU194,VAL197,ASN237,LEU238,THR240,ALA241"
AS009023301,1NH8,HIS,A,289,HSGRPVLGSSHHHHHHSSGMMLRVAVPNKGALSEPATEILAEAGYRRRTDSKDLTVIDPVNNVEFFFLRPKDIAIYVGSGELDFGITGRDLVCDSGAQVRERLALGFGSSSFRYAAPAGRNWTTADLAGMRIATAYPNLVRKDLATKGIEATVIRLDGAVEISVQLGVADAIADVVGSGRTLSQHDLVAFGEPLCDSEAVLIERAGTDGQDQTEARDQLVARVQGVVFGQQYLMLDYDCPRSALKKATAITPGLESPTIAPLADPDWVAIRALVPRRDVNGIMDELAAIGAKAILASDIRFCRF,"ASP216,TYR217,ASP218,LEU242,ALA249,ALA273,LEU275"
AS009026501,3DC2,SER,A,600,MVSLPVVLIADKLAPSTVAALGDQVEVRWVDGPDRDKLLAAVPEADALLVRSATTVDAEVLAAAPKLKIVARAGVGLDNVDVDAATARGVLVVNAPTSNIHSAAEHALALLLAASRQIPAADASLREHTWKRSSFSGTEIFGKTVGVVGLGRIGQLVAQRIAAFGAYVVAYDPYVSPARAAQLGIELLSLDDLLARADFISVHLPKTPETAGLIDKEALAKTKPGVIIVNAARGGLVDEAALADAITGGHVRAAGLDVFATEPCTDSPLFELAQVVVTPHLGASTAEAQDRAGTDVAESVRLALAGEFVPDAVNVGGGVVNEEVAPWLDLVRKLGVLAGVLSDELPVSLSVQVRGELAAEEVEVLRLSALRGLFSAVIEDAVTFVNAPALAAERGVTAEICKASESPNHRSVVDVRAVGADGSVVTVSGTLYGPQLSQKIVQINGRHFDLRAQGINLIIHYVDRPGALGKIGTLLGTAGVNIQAAQLSEDAEGPGATILLRLDQDVPDDVRTAIAAAVDAYKLEVVDLS,"TYR461,ASP463,ARG464,PRO465,GLY466,ALA467,LEU468,LEU487"
AS009027001,1QP0,HPA,A,599,ATIKDVAKRANVSTTTVSHVINKTRFVAEETRNAVWAAIKELHYSPSAVARSLKVNHTKSIGLLATSSEAAYFAEIIEAVEKNCFQKGYTLILGNAWNNLEKQRAYLSMMAQKRVDGLLVMCSEYPEPLLAMLEEYRHIPMVVMDWGEAKADFTDAVIDNAFEGGYMAGRYLIERGHREIGVIPGPLERNTGAGRLAGFMKAMEEAMIKVPESWIVQGDFEPESGYRAMQQILSQPHRPTAVFCGGDIMAMGALCAADEMGLRVPQDVSLIGYDNVRNARYFTPALTTIHQPKDSLGETAFNMLLDRIVNKREEPQSIEVHPRLIERRSVADGPFRDYRR,"TYR73,PHE74,ARG190,THR192,ARG196,PHE221,ASP275"
AS010020901,1FX2,DTT,A,1124,NNNRAPKEPTDPVTLIFTDIESSTALWAAHPDLMPDAVAAHHRMVRSLIGRYKCYEVKTVGDSFMIASKSPFAAVQLAQELQLCFLHHDWGTNALDDSYREFEEQRAEGECEYTPPTAHMDPEVYSRLWNGLRVRVGIHTGLCDIRHDEVTKGYDYYGRTPNMAARTESVANGGQVLMTHAAYMSLSAEDRKQIDVTALGDVALRGVSDPVKMYQLNTVPSRNFAALRLDREYFD,"LEU968,GLN969,PHE972,LEU973,LEU1015,TRP1016,ASN1017,GLY1018,LEU1019,ARG1020,VAL1021,GLY1061,ARG1109"
AS013001801,2LDB,FBP,C,6,MKNNGGARVVVIGAGFVGASYVFALMNQGIADEIVLIDANESKAIGDAMDFNHGKVFAPKPVDIWHGDYDDCRDADLVVICAGANQKPGETRLDLVDKNIAIFRSIVESVMASGFQGLFLVATNPVDILTYATWKFSGLPHERVIGSGTILDTARFRFLLGEYFSVAPQNVHAYIIGEHGDTELPVWSQAYIGVMPIRKLVESKGEEAQKDLERIFVNVRDAAYQIIEKKGATYYGIAMGLARVTRAILHNENAILTVSAYLDGLYGERDVYIGVPAVINRNGIREVIEIELNDDEKNRFHHSAATLKSVLARAFTR,"ARG171,GLN183,ASN184,VAL185,HIS186,TYR188,GLY207,ILE269"
AS014002001,3BZ7,BL4,A,800,GNPIHDRTSDYHKYLKVKQGDSDLFKLTVSDKRYIWYNPDPKERDSYECGEIVSETSDSFTFKTVDGQDRQVKKDDANQRNPIKFDGVEDMSELSYLNEPAVFHNLRVRYNQDLIYTYSGLFLVAVNPFKRIPIYTQEMVDIFKGRRRNEVAPHIFAISDVAYRSMLDDRQNQSLLITGESGAGKTENTKKVIQYLASVAGRNQANGSGVLEQQILQANPILEAFGNAKTTRNNNSSRFGKFIEIQFNSAGFISGASIQSYLLEKSRVVFQSETERNYHIFYQLLAGATAEEKKALHLAGPESFNYLNQSGCVDIKGVSDSEEFKITRQAMDIVGFSQEEQMSIFKIIAGILHLGNIKFEKGAGEGAVLKDKTALNAASTVFGVNPSVLEKALMEPRILAGRDLVAQHLNVEKSSSSRDALVKALYGRLFLWLVKKINNVLCQERKAYFIGVLDISGFEIFKVNSFEQLCINYTNEKLQQFFNHHMFKLEQEEYLKEKINWTFIDFGLDSQATIDLIDGRQPPGILALLDEQSVFPNATDNTLITKLHSHFSKKNAKYEEPRFSKTEFGVTHYAGQVMYEIQDWLEKNKDPLQQDLELCFKDSSDNVVTKLFNDPNIASRAKKGANFITVAAQYKEQLASLMATLETTNPHFVRCIIPNNKQLPAKLEDKVVLDQLRCNGVLEGIRITRKGFPNRIIYADFVKRYYLLAPNVPRDAEDSQKATDAVLKHLNIDPEQYRFGITKIFFRAGQLARIEEARELPN,"ARG238,PHE239,GLY240,TYR261,LEU262,LEU263,GLU264,ILE455,SER456,PHE466,GLU467,CYS470,ILE471,THR474,VAL630,TYR634,GLN637,LEU638,LEU641"
AS014002002,2JHR,PBQ,A,1780,MHHHHHHHDGTENPIHDRTSDYHKYLKVKQGDSDLFKLTVSDKRYIWYNPDPKERDSYECGEIVSETSDSFTFKTVDGQDRQVKKDDANQRNPIKFDGVEDMSELSYLNEPAVFHNLRVRYNQDLIYTYSGLFLVAVNPFKRIPIYTQEMVDIFKGRRRNEVAPHIFAISDVAYRSMLDDRQNQSLLITGESGAGKTENTKKVIQYLASVAGRNQANGSGVLEQQILQANPILEAFGNAKTTRNNNSSRFGKFIEIQFNSAGFISGASIQSYLLEKSRVVFQSETERNYHIFYQLLAGATAEEKKALHLAGPESFNYLNQSGCVDIKGVSDSEEFKITRQAMDIVGFSQEEQMSIFKIIAGILHLGNIKFEKGAGEGAVLKDKTALNAASTVFGVNPSVLEKALMEPRILAGRDLVAQHLNVEKSSSSRDALVKALYGRLFLWLVKKINNVLCQERKAYFIGVLDISGFEIFKVNSFEQLCINYTNEKLQQFFNHHMFKLEQEEYLKEKINWTFIDFGLDSQATIDLIDGRQPPGILALLDEQSVFPNATDNTLITKLHSHFSKKNAKYEEPRFSKTEFGVTHYAGQVMYEIQDWLEKNKDPLQQDLELCFKDSSDNVVTKLFNDPNIASRAKKGANFITVAAQYKEQLASLMATLETTNPHFVRCIIPNNKQLPAKLEDKVVLDQLRCNGVLEGIRITRKGFPNRIIYADFVKRYYLLAPNVPRDAEDSQKATDAVLKHLNIDPEQYRFGITKIFFRAGQLARIEEAREQRLESNEPPMDFDDDIPF,"LYS265,ALA420,LYS423,ALA424,GLY427,ARG428,LEU431,ASP590,PRO591,LEU592,ILE617,ALA618,SER619,ARG620"
AS016002401,3GCD,IHP,A,214,ADGKILHNQNVNSWGPITVTPTTDGGETRFDGQIIVQMENDPVVAKAAANLAGKHAESSVVVQLDSDGNYRVVYGDPSKLDGKLRWQLVGHGRDHSETNNTRLSGYSADELAVKLAKFQQSFNQAENINNKPDHISIVGCSLVSDDKQKGFGHQFINAMDANGLRVDVSVRSSELAVDEAGRKHTKDANGDWVQKAENNKVSLSWDAQG,"GLU27,THR28,ARG29,PHE30,LYS54,HIS55,ARG85,GLN87,HIS134,SER136,SER169,ARG171,GLY181,ARG182,LYS183,LYS195,LYS200"
AS017002701,4KKO,1RE,A,601,MVPISPIETVPVKLKPGMDGPKVKQWPLTEEKIKALVEICTEMEKEGKISKIGPENPYNTPVFAIKKKDSTKWRKLVDFRELNKRTQDFWEVQLGIPHPAGLKKKKSVTVLDVGDAYFSVPLDEDFRKYTAFTIPSINNETPGIRYQYNVLPQGWKGSPAIFQSSMTKILEPFAAQNPDIVIYQYMDDLYVGSDLEIGQHRTKIEELRQHLLRWGLTTPDKKHQKEPPFLWMGYELHPDKWTVQPIVLPEKDSWTVNDIQKLVGKLNWASQIYPGIKVRQLSKLLRGTKALTEVIPLTEEAELELAENREILKEPVHGVYYDPSKDLIAEIQKQGQGQWTYQIYQEPFKNLKTGKYARMRGAHTNDVKQLTEAVQKITTESIVIWGKTPKFKLPIQKETWETWWTEYWQATWIPEWEFVNTPPLVKLWYQLEKEPIVGAETFYVDGAANRETKLGKAGYVTNKGRQKVVPLTNTTNQKTELQAIYLALQDSGLEVNIVTDSQYALGIIQAQPDKSESELVNQIIEQLIKKEKVYLAWVPAHKGIGGNEQVDKLVSAG,"GLY99,LEU100,LYS101,LYS102,LYS103,VAL106,VAL179,ILE180,TYR181,TYR188,PHE227,TRP229,LEU234,HIS235,PRO236,TYR318"
AS017002702,4KFB,1QP,A,601,MVPISPIETVPVKLKPGMDGPKVKQWPLTEEKIKALVEICTEMEKEGKISKIGPENPYNTPVFAIKKKDSTKWRKLVDFRELNKRTQDFWEVQLGIPHPAGLKKKKSVTVLDVGDAYFSVPLDEDFRKYTAFTIPSINNETPGIRYQYNVLPQGWKGSPAIFQSSMTKILEPFAAQNPDIVIYQYMDDLYVGSDLEIGQHRTKIEELRQHLLRWGLTTPDKKHQKEPPFLWMGYELHPDKWTVQPIVLPEKDSWTVNDIQKLVGKLNWASQIYPGIKVRQLSKLLRGTKALTEVIPLTEEAELELAENREILKEPVHGVYYDPSKDLIAEIQKQGQGQWTYQIYQEPFKNLKTGKYARMRGAHTNDVKQLTEAVQKITTESIVIWGKTPKFKLPIQKETWETWWTEYWQATWIPEWEFVNTPPLVKLWYQLEKEPIVGAETFYVDGAANRETKLGKAGYVTNKGRQKVVPLTNTTNQKTELQAIYLALQDSGLEVNIVTDSQYALGIIQAQPDKSESELVNQIIEQLIKKEKVYLAWVPAHKGIGGNEQVDKLVSAG,"GLN91,GLN161,MET164,THR165,LEU168,GLU169,ALA172,ILE180,TYR181,GLN182"
AS017002703,4IG3,J94,A,609,MVPISPIETVPVKLKPGMDGPKVKQWPLTEEKIKALVEICTEMEKEGKISKIGPENPYNTPVFAIKKKDSTKWRKLVDFRELNKRTQDFWEVQLGIPHPAGLKKKKSVTVLDVGDAYFSVPLDEDFRKYTAFTIPSINNETPGIRYQYNVLPQGWKGSPAIFQSSMTKILEPFAAQNPDIVIYQYMDDLYVGSDLEIGQHRTKIEELRQHLLRWGLTTPDKKHQKEPPFLWMGYELHPDKWTVQPIVLPEKDSWTVNDIQKLVGKLNWASQIYPGIKVRQLSKLLRGTKALTEVIPLTEEAELELAENREILKEPVHGVYYDPSKDLIAEIQKQGQGQWTYQIYQEPFKNLKTGKYARMRGAHTNDVKQLTEAVQKITTESIVIWGKTPKFKLPIQKETWETWWTEYWQATWIPEWEFVNTPPLVKLWYQLEKEPIVGAETFYVDGAANRETKLGKAGYVTNKGRQKVVPLTNTTNQKTELQAIYLALQDSGLEVNIVTDSQYALGIIQAQPDKSESELVNQIIEQLIKKEKVYLAWVPAHKGIGGNEQVDKLVSAG,"ILE5,GLU6,THR7,VAL8,SER162,SER163,LYS166,ILE167"
AS021003201,4ETZ,C2E,A,501,QSLRSSLLGLRQLLRELPGDEAPLDALAETVLALLAQYGSLRIAGLYRVRYDRTPEPQPLATLGEMPALDADDLLVRTCLERGELVSVRQELLERGEQRAHSALQVCVPLVDTDGRILALLAVEQMPFFVFNERTFSLLAILAGHIADLLQSDRRALQLADIDAQRFSQYLKRSLLDARDHGLPACLYAFELTDARYGEEVQRLLEGSQRGLDVQLRLRNDEGRRVLLVLLPLTSAEGSQGYLQRLRILFAERFGQARELESLGVRIRQYELDAGNDRQALGHFLFNECGLNDQQVA,"GLN158,ARG161,SER365,ARG367,ASP370,LEU388,THR391,GLY395,GLY398,TYR399,ARG402"
AS021007101,4BO2,36K,A,1248,MHHHHHHSSGVDLGTENLYFQSMSLQGKVALVTGASRGIGQAIALELGRLGAVVIGTATSASGAEKIAETLKANGVEGAGLVLDVSSDESVAATLEHIQQHLGQPLIVVNNAGITRDNLLVRMKDDEWFDVVNTNLNSLYRLSKAVLRGMTKARWGRIINIGSVVGAMGNAGQTNYAAAKAGLEGFTRALAREVGSRAITVNAVAPGFIDTDMTRELPEAQREALLGQIPLGRLGQAEEIAKVVGFLASDGAAYVTGATVPVNGGMYMS,"TRP106,PHE107,VAL110,ASN111,LEU114,ALA156,ALA159,GLY160,GLY163,PHE164"
AS023008201,4EAJ,AMP,C,403,MESVAAESAPAPENEHSQETPESNSSVYTTFMKSHRCYDLIPTSSKLVVFDTSLQVKKAFFALVTNGVRAAPLWDSKKQSFVGMLTITDFINILHRYYKSALVQIYELEEHKIETWREVYLQDSFKPLVCISPNASLFDAVSSLIRNKIHRLPVIDPESGNTLYILTHKRILKFLKLFITEFPKPEFMSKSLEELQIGTYANIAMVRTTTPVYVALGIFVQHRVSALPVVDEKGRVVDIYSKFDVINLAAEKTYNNLDVSVTKALQHRSHYFEGVLKCYLHETLEAIINRLVEAEVHRLVVVDEHDVVKGIVSLSDILQALVLTGGEKKP,"HIS150,GLY198,THR199,ASN202,ILE203,ALA204,VAL224,SER225,ALA226,LEU227,PRO228,HIS297,ARG298,ILE311,SER313,SER315,ASP316"
AS023008901,3QEL,QEL,B,1,SPPSIGIAVILVGTSDEVAIKDAHEKDDFHHLSVVPRVELVAMNETDPKSIITRICDLMSDRKIQGVVFADDTDQEAIAQILDFISAQTLTPILGIHGGSSMIMADKDESSMFFQFGPSIEQQASVMLNIMEEYDWYIFSIVTTYFPGYQDFVNKIRSTIENSFVGWELEEVLLLDMSLDDGDSKIQNQLKKLQSPIILLYCTKEEATYIFEVANSVGLTGYGYTWIVPSLVAGDTDTVPSEFPTGLISVSYDEWDYGLPARVRDGIAIITTAASDMLSEHSFIPEPKSSCYNTHEKRIYQSNMLNRYLINVTFEGRDLSFSEDGYQMHPKLVIILLNKERKWERVGKWKDKSLQMKYYVWPRM,"PRO78,ALA107,GLN110,ILE111,PHE114,THR174,TYR175,PHE176,PRO177,MET207,GLU236"
AS027004401,1F2U,ATP,A,901,MKLERVTVKNFRSHSDTVVEFKEGINLIIGQNGSGKSSLLDAILVGLYWPLRIKDIKKDEFTKVGARDTYIDLIFEKDGTKYRITRRFLKGYSSGEIHAMKRLVGNEWKHVTEPSSKAISAFMEKLIPYNIFLNAIYIRQGQIDAILES,"ARG12,SER13,GLN31,ASN32,GLY33,SER34,GLY35,LYS36,SER37,SER38,GLU60,THR62,LYS63,VAL64,GLN140"
AS029013001,1DKU,AP2,A,1002,MSNQYGDKNLKIFSLNSNPELAKEIADIVGVQLGKCSVTRFSDGEVQINIEESIRGCDCYIIQSTSDPVNEHIMELLIMVDALKRASAKTINIVIPYYGYARQDRKARSREPITAKLFANLLETAGATRVIALDLHAPQIQGFFDIPIDHLMGVPILGEYFEGKNLEDIVIVSPDHGGVTRARKLADRLKAPIAIIDKRRPRPNVAEVMNIVGNIEGKTAILIDDIIDTAGTITLAANALVENGAKEVYACCTHPVLSGPAVERINNSTIKELVVTNSIKLPEEKKIERFKQLSVGPLLAEAIIRVHEQQSVSYLFS,"GLN140,ASP148,HIS149,GLN309,SER310,VAL311,SER312,PHE315"
AS033005702,1XTU,CTP,A,1260,MPLYVIDKPITLHILTQLRDKYTDQINFRKNLVRLGRILGYEISNTLDYEIVEVETPLGVKTKGVDITDLNNIVIINILRAAVPLVEGLLKAFPKARQGVIGASRVEVDGKEVPKDMDVYIYYKKIPDIRAKVDNVIIADPMIATASTMLKVLEEVVKANPKRIYIVSIISSEYGVNKILSKYPFIYLFTVAIDPELNNKGYILPGLGDAGDRAFG,"ILE26,ARG29,LYS30,VAL33,ARG37,GLU87,LYS91"
AS035006004,4MRA,QUE,A,901,QISVRGLAGVENVTELKKNFNRHLHFTLVKDRNVATPRDYYFALAHTVRDHLVGRWIRTQQHYYEKDPKRIYYLSLEFYMGRTLQNTMVNLALENACDEATYQLGLDMEELEEIEEDAGLGNGGLGRLAACFLDSMATLGLAAYGYGIRYEFGIFNQKICGGWQMEEADDWLRYGNPWEKARPEFTLPVHFYGRVEHTSQGAKWVDTQVVLAMPYDTPVPGYRNNVVNTMRLWSAKAPNDFNLKDFNVGGYIQAVLDRNLAENISRVLYPNDNFFEGKELRLKQEYFVVAATLQDIIRRFKSSKFGCRDPVRTNFDAFPDKVAIQLNDTHPSLAIPELMRVLVDLERLDWDKAWEVTVKTCAYTNHTVLPEALERWPVHLLETLLPRHLQIIYEINQRFLNRVAAAFPGDVDRLRRMSLVEEGAVKRINMAHLCIAGSHAVNGVARIHSEILKKTIFKDFYELEPHKFQNKTNGITPRRWLVLCNPGLAEIIAERIGEEYISDLDQLRKLLSYVDDEAFIRDVAKVKQENKLKFAAYLEREYKVHINPNSLFDVQVKRIHEYKRQLLNCLHVITLYNRIKKEPNKFVVPRTVMIGGKAAPGYHMAKMIIKLITAIGDVVNHDPVVGDRLRVIFLENYRVSLAEKVIPAADLSEQISTAGTEASGTGNMXFMLNGALTIGTMDGANVEMAEEAGEENFFIFGMRVEDVDRLDQRGYNAQEYYDRIPELRQIIEQLSSGFFSPKQPDLFKDIVNMLMHHDRFKVFADYEEYVKCQERVSALYKNPREWTRMVIRNIATSGKFSSDRTIAQYAREIWGVEPSRQRLPA,"ASP118,GLU120,GLU121,GLU124,CYS495,LYS544,PHE545,TYR548,ARG551,GLU552,GLU654,LYS655"
AS036006302,4AHS,AKH,A,1216,MGSSHHHHHHSSGLVPRGSHMHGQVDSSPGIWQLDCTHLEGKVILVAVHVASGYIEAEVIPAETGQETAYFLLKLAGRWPVKTVHTDNGSNFTSTTVKAACWWAGIKQEDGIPYNPQSQGVIESMNKELKKIIGQVRDQAEHLKTAVQMAVFIHNHKRKGGIGGYSAGERIVDIIATDIQTKE,"ALA105,GLY106,ARG107,TRP108,PRO109,ILE204,ILE208"
AS038006901,2Y0P,ACO,A,2228,GDSIEDKNARVIELIAAYRNRGHLMADIDPLRLDNTRFRSHPDLDVNSHGLTLWDLDREFKVDGFAGVQRKKLRDILSVLRDAYCRHVGVEYTHILEPEQQRWIQERVETKHDKPTVAEQKYILSKLNAAEAFETFLQTKYVGQKRFSLEGAETVIPMMDAVIDQCAEHGLDEVVIAMPHRGRLNVLANIVGKPYSQIFSEFEGNLNPSQAHGSGDVKYHLGATGTYIQMFGDNDIEVSLTANPSHLEAVDPVLEGLVRAKQDLLDTGEEGSDNRFSVVPLMLHGDAAFAGQGVVAETLNLALLRGYRTGGTIHIVVNNQIGFTTAPTDSRSSEYCTDVAKMIGAPIFHVNGDDPEACAWVARLAVDFRQAFKKDVVIDMLCYRRRGHNEGDDPSMTQPYMYDVIDTKRGSRKAYTEALIGRGDISMKEAEDALRDYQGQLERVFNEVRELEKHEIEPSESVEADQQIPSKLATAVDKAMLQRIGDAHLALPEGFTVHPRVRPVLEKRREMAYEGRIDWAFAELLALGSLIAEGKLVRLSGQDTQRGTFTQRHAVIVDRKTGEEFTPLQLLATNPDGTPTGGKFLVYNSALSEFAAVGFEYGYSVGNPDAMVLWEAQFGDFVNGAQSIIDEFISSGEAKWGQLSDVVLLLPHGHEGQGPDHTSGRIERFLQLWAEGSMTIAMPSTPANYFHLLRRHGKDGIQRPLIVFTPKSMLRNKAAVSDIRDFTESKFRSVLEEPMYTDGEGDRNKVTRLLLTSGKIYYELAARKAKENREDVAIVRIEQLAPLPRRRLAETLDRYPNVKEKFWVQEEPANQGAWPSFGLTLPEILPDHFTGLKRISRRAMSAPSSGSSKVHAVEQQEILDTAFG,"GLU822,GLN825,ILE827,LYS830,LEU831,TRP1032,GLY1035,MET1037,THR1038,ARG1054,ASP1058,ILE1060,ARG1062,SER1092,GLN1142,PRO1145,LEU1146,PRO1147,ARG1148,ARG1149,ARG1150"
AS041007901,4OO9,2U8,A,4005,AASPVQYLRWGDPAPIAAVVFACLGLLATLFVTVVFIIYRDTPVVKSSSRELCYIILAGICLGYLCTFXLIAKPKQIYCYLQRIGIGLSPAMSYSALVTKTYRAARILAMSKKNIFEMLRIDEGLRLKIYKDTEGYYTIGIGHLLTKSPSLNAAKSELDKAIGRNTNGVITKDEAEKLFNQDVDAAVRGILRNAKLKPVYDSLDAVRRAALINMVFQMGETGVAGFTNSLRMLQQKRWDEAAVNLAKSRWYNQTPNRAKRVITTFRTGTWDAYKICTKKPRFMSAXAQLVIAFILICIQLGIIVALFIMEPPDIMHDYPSIREVYLICNTTNLGVVAPLGYNGLLILACTFYAFKTRNVPANFNEAKYIAFTMYTTCIIWLAFVPIYFGSNYKIITMCFSVSLSATVALGCMFVPKVYIILAKPERNVRSAAAAHHHHHHHHHH,"GLY624,ILE625,GLY628,ILE651,SER654,PRO655,SER658,TYR659,VAL740,PRO743,LEU744,ASN747,ILE751,ILE784,TRP785,PHE788,MET802,SER805,VAL806,SER809,ALA810,ALA813"
AS041014201,1H78,DCP,A,1589,MTIEKEIEGLIHKTNKDLLNENANKDSRVFPTQRDLMAGIVSKHIAKNMVPSFIMKAHESGIIHVHDIDYSPALPFTNCCLVDLKGMLENGFKLGNAQIETPKSIGVATAIMAQITAQVASHQYGGTTFANVDKVLSPYVKRTYAKHIEDAEKWQIADALNYAQSKTEKDVYDAFQAYEYEVNTLFSSNGQTPFVTITFGTGTDWTERMIQKAILKNRIKGLGRDGITPIFPKLVMFVEEGVNLYKDDPNYDIKQLALECASKRMYPDIISAKNNKAITGSSVPVSPMGCRSFLSVWKDSTGNEILDGRNNLGVVTLNLPRIALDSYIGTQFNEQKFVELFNERMDLCFEALMCRISSLKGVKATVAPILYQEGAFGVRLKPDDDIIELFKNGRSSVSLGYIGIHELNILVGRDIGREILTKMNAHLKQWTERTGFAFSLYSTPAENLCYRFCKLDTEKYGSVKDVTDKGWYTNSFHVSVEENITPFEKISREAPYHFIATGGHISYVELPDMKNNLKGLEAVWDYAAQHLDYFGVNMPVDKCFTCGSTHEMTPTENGFVCSICGETDPKKMNTIRRTCAYLGNPNERGFNLGKNKEIMHRVKHQ,"GLN98,ILE99,GLU100,THR101,PRO102,LYS103,SER104,VAL107,ALA110,ILE111,GLN114,LYS146"
AS043008402,4EO6,0S2,A,600,MASHHHHHHSYTWTGALITPCAAEESKLPINALSNSLLRHHNMVYATTSRSAGLRQKKVTFDRLQVLDDHYRDVLKEMKAKASTVKAKLLSVEEACKLTPPHSAKSKFGYGAKDVRNLSSKAVNHIHSVWKDLLEDTVTPIDTTIMAKNEVFCVQPEKGGRKPARLIVFPDLGVRVCEKMALYDVVSTLPQVVMGSSYGFQYSPGQRVEFLVNTWKSKKNPMGFSYDTRCFDSTVTENDIRVEESIYQCCDLAPEARQAIKSLTERLYIGGPLTNSKGQNCGYRRCRASGVLTTSCGNTLTCYLKASAACRAAKLQDCTMLVNGDDLVVICESAGVQEDAASLRAFTEAMTRYSAPPGDPPQPEYDLELITSCSSNVSVAHDASGKRVYYLTRDPTTPLARAAWETARHTPVNSWLGNIIMYAPTLWARMILMTHFFSILLAQEQLEKALDCQIYGACYSIEPLDLPQIIERLHGLSAFSLHSYSPGEINRVASCLRKLGVPPLRVWRHRARSVRARLLSQGGRAATCGKYLFNWAVKTKLKLTPIPAASQLDLSGWFVAGYSGGDIYHSLSRARPR,"LEU419,ARG422,MET423,LEU474,HIS475,SER476,TYR477,ILE482,VAL485,ALA486,LEU489,LEU497,ARG501,TRP528"
AS043008403,3G86,T18,A,571,MHHHHHHMSYTWTGALITPCAAEESKLPINALSNSLLRHHNMVYATTSRSAGLRQKKVTFDRLQVLDDHYRDVLKEMKAKASTVKAKLLSVEEACKLTPPHSAKSKFGYGAKDVRNLSSKAVNHIHSVWKDLLEDTVTPIDTTIMAKNEVFCVQPEKGGRKPARLIVFPDLGVRVCEKMALYDVVSTLPQVVMGSSYGFQYSPGQRVEFLVNTWKSKKNPMGFSYDTRCFDSTVTENDIRVEESIYQCCDLAPEARQAIKSLTERLYIGGPLTNSKGQNCGYRRCRASGVLTTSCGNTLTCYLKASAACRAAKLQDCTMLVNGDDLVVICESAGTQEDAASLRVFTEAMTRYSAPPGDPPQPEYDLELITSCSSNVSVAHDASGKRVYYLTRDPTTPLARAAWETARHTPVNSWLGNIIMYAPTLWARMILMTHFFSILLAQEQLEKALDCQIYGACYSIEPLDLPQIIERLHGLSAFSLHSYSPGEINRVASCLRKLGVPPLRVWRHRARSVRARLLSQGGRAATCGKYLFNWAVKTKLKLTPIPAASRLDLSGWFVAGYSGGDIYHSLSRARPR,"PHE193,SER196,PRO197,ARG200,SER288,ASN291,ASN316,GLY317,ASP318,ASP319,CYS366,SER368,LEU384,GLY410,ASN411,MET414,TYR415,GLN446,ILE447,TYR448,GLY449,SER556"
AS044008701,3F6G,ILE,B,1,KVLTIKSCNIHSGIGIRPHAQIELEYQGKIHKEISEGDGGYDAFMNALTKITNRLGISIPKLIDYEVRIPPGGKTDALVETRITWNKSLDLEEDQTFKTMGVHPDQTVAAVHATEKMLNQILQPWQI,"ILE458,LYS463,THR464,ASP465,ALA466,VAL468,PRO493,ASP494,GLN495"
AS045009001,3LAJ,ARG,A,200,MSRAKAAPVAGPEVAANRAGRQARIVAILSSAQVRSQNELAALLAAEGIEVTQATLSRDLEELGAVKLRGADGGTGIYVVPEDGSPVRGVSGGTDRMARLLGELLVSTDDSGNLAVLRTPPGAAHYLASAIDRAALPQVVGTIAGDDTILVVAREPTTGAQLAGMFENLR,"HIS125,ALA128,SER129,ASP132,THR142,ILE143,ALA144"
AS046009201,1M8P,PPS,A,574,MANAPHGGVLKDLLARDAPRQAELAAEAESLPAVTLTERQLCDLELIMNGGFSPLEGFMNQADYDRVCEDNRLADGNVFSMPITLDASQEVIDEKKLQAASRITLRDFRDDRNLAILTIDDIYRPDKTKEAKLVFGGDPEHPAIVYLNNTVKEFYIGGKIEAVNKLNHYDYVALRYTPAELRVHFDKLGWSRVVAFQTRNPMHRAHRELTVRAARSRQANVLIHPVVGLTKPGDIDHFTRVRAYQALLPRYPNGMAVLGLLGLAMRMGGPREAIWHAIIRKNHGATHFIVGRDHAGPGSNSKGEDFYGPYDAQHAVEKYKDELGIEVVEFQMVTYLPDTDEYRPVDQVPAGVKTLNISGTELRRRLRSGAHIPEWFSYPEVVKILRESNPPRATQGFTIFLTGYMNSGKDAIARALQVTLNQQGGRSVSLLLGDTVRHELSSELGFTREDRHTNIQRIAFVATELTRAGAAVIAAPIAPYEESRKFARDAVSQAGSFFLVHVATPLEHCEQSDKRGIYAAARRGEIKGFTGVDDPYETPEKADLVVDFSKQSVRSIVHEIILVLESQGFLERQ,"MET405,GLY433,ASP434,ARG437,PHE446,ARG451,ASN454,ILE455,PRO476,ILE477,ALA478,PRO479,ARG515,ILE517,ILE526,LYS527,GLY528,PHE529,THR530"
AS047009501,4NLD,2N7,A,601,MSMSYTWTGALITPCAAEETKLPINALSNSLLRHHNLVYATTSRSASLRQKKVTFDRLQVLDDHYRDVLKEMKAKASTVKAKLLSVEEACKLTPPHSARSKFGYGAKDVRNLSSKAVNHIRSVWKDLLEDTETPIDTTIMAKNEVFCVQPEKGGRKPARLIVFPDLGVRVCEKMALYDVVSTLPQAVMGSSYGFQYSPGQRVEFLVNAWKAKKCPMGFAYDTRCFDSTVTENDIRVEESIYQCCDLAPEARQAIRSLTERLYIGGPLTNSKGQNCGYRRCRASGVLTTSCGNTLTCYLKAAAACRAAKLQDCTMLVCGDDLVVICESAGTQEDEASLRAFTEAMTRYSAPPGDPPKPEYDLELITSCSSNVSVAHDASGKRVYYLTRDPTTPLARAAWETARHTPVNSWLGNIIMYAPTLWARMILMTHFFSILLAQEQLEKALDCQIYGACYSIEPLDLPQIIQRLHGLSAFSLHSYSPGEINRVASCLRKLGVPPLRVWRHRARSVRARLLSQGGRAATCGKYLFNWAVRTKLKLTPIPAASQLDLSSWFVAGYSGGDIYHSLSRARPRWFM,"THR389,LEU392,ALA393,ALA395,ALA396,THR399,ALA400,ILE424,LEU425,HIS428,PHE429,LEU492,GLY493,VAL494,PRO495,TRP500,ARG503"
AS053010903,1KZ8,PFE,A,738,TDQAAFDTNIVTLTRFVMEQGRKARGTGEMTQLLNSLCTAVKAISTAVRKAGIAHLYGIAGSTNVTGDQVKKLDVLSNDLVINVLKSSFATCVLVTEEDKNAIIVEPEKRGKYVVCFDPLDGSSNIDCLVSIGTIFGIYRKNSTDEPSEKDALQPGRNLVAAGYALYGSATMLVLAMVNGVNCFMLDPAIGEFILVDRNVKIKKKGSIYSINEGYAKEFDPAITEYIQRKKFPPDNSAPYGARYVGSMVADVHRTLVYGGIFMYPANKKSPKGKLRLLYECNPMAYVMEKAGGLATTGKEAVLDIVPTDIHQRAPIILGSPEDVTELLEIYQKHAAK,"ALA47,LYS50,ALA51,GLY52,ILE53,HIS55,LEU56,VAL70,LYS71,LYS72,LEU73,LEU76"
AS054011201,2A69,RPT,C,8001,MEIKRFGRIREVIPLPPLTEIQVESYRRALQADVPPEKRENVGIQAAFRETFPIEEEDKGKGGLVLDFLEYRLGEPPFPQDECREKDLTYQAPLYARLQLIHKDTGLIKEDEVFLGHIPLMTEDGSFIINGADRVIVSQIHRSPGVYFTPDPARPGRYIASIIPLPKRGPWIDLEVEPNGVVSMKVNKRKFPLVLLLRVLGYDQETLARELGAYGELVQGLMDESVFAMRPEEALIRLFTLLRPGDPPKRDKAVAYVYGLIADPRRYDLGEAGRYKAEEKLGIRLSGRTLARFEDGEFKDEVFLPTLRYLFALTAGVPGHEVDDIDHLGNRRIRTVGELMTDQFRVGLARLARGVRERMLMGSEDSLTPAKLVNSRPLEAAIREFFSRSQLSQFKDETNPLSSLRHKRRISALGPGGLTRERAGFDVRDVHRTHYGRICPVETPEGANIGLITSLAAYARVDELGFIRTPYRRVVGGVVTDEVVYMTATEEDRYTIAQANTPLEGNRIAAERVVARRKGEPVIVSPEEVEFMDVSPKQVFSVNTNLIPFLEHDDANRALMGSNMQTQAVPLIRAQAPVVMTGLEERVVRDSLAALYAEEDGEVAKVDGNRIVVRYEDGRLVEYPLRRFYRSNQGTALDQRPRVVVGQRVRKGDLLADGPASENGFLALGQNVLVAIMPFDGYNFEDAIVISEELLKRDFYTSIHIERYEIEARDTKLGPERITRDIPHLSEAALRDLDEEGVVRIGAEVKPGDILVGRTSFKGESEPTPEERLLRSIFGEKARDVKDTSLRVPPGEGGIVVRTVRLRRGDPGVELKPGVREVVRVYVAQKRKLQVGDKLANRHGNKGVVAKILPVEDMPHLPDGTPVDVILNPLGVPSRMNLGQILETHLGLAGYFLGQRYISPIFDGAKEPEIKELLAQAFEVYFGKRKGEGFGVDKREVEVLRRAEKLGLVTPGKTPEEQLKELFLQGKVVLYDGRTGEPIEGPIVVGQMFIMKLYHMVEDKMHARSTGPYSLITQQPLGGKAQFGGQRFGEMEVWALEAYGAAHTLQEMLTLKSDDIEGRNAAYEAIIKGEDVPEPSVPESFRVLVKELQALALDVQTLDEKDNPVDIFEGLASKR,"ARG134,VAL137,SER389,GLN390,LEU391,SER392,GLN393,PHE394,LYS395,ASP396,HIS406,ARG409,SER411,LEU413,GLY414,PRO444,ILE452,GLN633"
AS055012501,1OF6,DTY,A,1370,MSESPMFAANGMPKVNQGAEEDVRILGYDPLASPALLQVQIPATPTSLETAKRGRREAIDIITGKDDRVLVIVGPCSIHDLEAAQEYALRLKKLSDELKGDLSIIMRAYLEKPRTTVGWKGLINDPDVNNTFNINKGLQSARQLFVNLTNIGLPIGSEMLDTISPQYLADLVSFGAIGARTTESQLHRELASGLSFPVGFKNGTDGTLNVAVDACQAAAHSHHFMGVTKHGVAAITTTKGNEHCFVILRGGKKGTNYDAKSVAEAKAQLPAGSNGLMIDYSHGNSNKDFRNQPKVNDVVCEQIANGENAITGVMIESNINEGNQGIPAEGKAGLKYGVSITDACIGWETTEDVLRKLAAAVRQRREVNKK,"THR162,PRO165,GLN166,ALA169,LEU190,GLY193,LEU194,SER195,PHE196,PHE224,GLY226,VAL227,LYS229,THR236"
AS055013601,3CSM,TRP,A,300,MDFTKPETVLNLQNIRDELVRMEDSIIFKFIERSHFATCPSVYEANHPGLEIPNFKGSFLDWALSNLEIAHSRIRRFESPDETPFFPDKIQKSFLPSINYPQILAPYAPEVNYNDKIKKVYIEKIIPLISKRDGDDKNNFGSVATRDIECLQSLSRRIHFGKFVAEAKFQSDIPLYTKLIKSKDVEGIMKNITNSAVEEKILERLTKKAEVYGVDPTERRIERRITPEYLVKIYKEIVIPITKEVEVEYLLRRLEE,"HIS71,ILE74,ARG75,ARG76,SER79,GLU82,ILE98,TYR100"
AS055024101,1W96,S1A,A,1567,KMEYEITNYSERHTELPGHFIGLNTVDKLEESPLRDFVKSHGGHTVISKILIANNGIAAVKEIRSVRKWAYETFGDDRTVQFVAMATPEDLEANAEYIRMADQYIEVPGGTNNNNYANVDLIVDIAERADVDAVWAGWGHASENPLLPEKLSQSKRKVIFIGPPGNAMRSLGDKISSTIVAQSAKVPCIPWSGTGVDTVHVDEKTGLVSVDDDIYQKGCCTSPEDGLQKAKRIGFPVMIKASEGGGGKGIRQVEREEDFIALYHQAANEIPGSPIFIMKLAGRARHLEVQLLADQYGTNISLFGRDCSVQRRHQKIIEEAPVTIAKAETFHEMEKAAVRLGKLVGYVSAGTVEYLYSHDDGKFYFLELNPRLQVEHPTTEMVSGVNLPAAQLQIAMGIPMHRISDIRTLYGMNPHSASEIDFEFKTQDATKKQRRPIPKGHCTACRITSEDPNDGFKPSGGTLHELNFRSSSNVWGYFSVGNNGNIHSFSDSQFGHIFAFGENRQASRKHMVVALKELSIRGDFRTTVEYLIKLLETEDFEDNTITTGWLDDLI,"ILE69,VAL72,LYS73,ARG76,SER77,LYS80,PRO389,GLU392,MET393,GLY396,VAL397,ASN398,PRO400,CYS454,GLU477,ASN485,VAL486,TRP487,PHE510,ALA511,PHE512"
AS055027701,3MKS,C1C,D,1,GAGTLIKDNLKRDLITSLPFEISLKIFNYLQFEDIINSLGVSQNWNKIIRKSTSLWKKLLISENFVSPKGFNSLNLKLSQKYPKLSQQDRLRLSFLENIFILKNWYNPKFVPQRTTLRGHMTSVITCLQFEDNYVITGADDKMIRVYDSINKKFLLQLSGHDGGVWALKYAHGGILVSGSTDRTVRVWDIKKGCCTHVFEGHNSTVRCLDIVEYKNIKYIVTGSRDNTLHVWKLPKESSVPDHGEEHDYPLVFHTPEENPYFVGVLRGHMASVRTVSGHGNIVVSGSYDNTLIVWDVAQMKCLYILSGHTDRIYSTIYDHERKRCISASMDTTIRIWDLENGELMYTLQGHTALVGLLRLSDKFLVSAAADGSIRGWDANDYSRKFSYHHTNLSAITTFYVSDNILVSGSENQFNIYNLRSGKLVHANILKDADQIWSVNFKGKTLVAAVEKDGQSFLEILDFS,"LEU628,GLN629,GLY630,HIS631,THR632,LEU634,ALA649,ARG655,GLY656,TRP657,ARG664,LYS665,PHE666,SER667"
AS062026603,2D5X,L35,B,1201,VQLSGEEKAAVLALWDKVNEEEVGGEALGRLLVVYPWTQRFFDSFGDLSNPGAVMGNPKVKAHGKKVLHSFGEGVHHLDNLKGTFAALSELHCDKLHVDPENFRLLGNVLVVVLARHFGKDFTPELQASYQKVVAGVANALAHKYH,"TYR35,TRP37,GLU101,LEU105,ASN108"
AS063014701,1XJF,DTP,A,1002,MKLSDLISRWIDVEPSKNAQIILRDRYFMKDLDGNYLETKWEDVARRVARVVATAELLNPSYKKNEKLDRIKEWEDIFFRVLKARLFIPNSPTLFNAGLGVKHDLLWKPIDQMTLEDYEEIYRSRNHLHMLSACFVVPVGDSIEEIFEAVKEYALITKVGGGVGSNFSELRPKGSFVAGTHGKASGPVSFMHVFNSAISVVKQGSRRRGALMGILNINHPDIEEFIDAKKENTGEAVLNFFNLSVGFPMDKKEILKLYEEDGELELSHPRSTIRKKVKIRELFRKIATNAWKSGDPGLAFLGEMNKYYPLYPHRKINSTNPCGEIGLSDYEACNLGSIDVAKFYNNGFVDLEALQELVQIAVRFLDNVIDVNVFPIDKITKAVKESRRLGLGIMGFADLLYKLEIPYNSQEARDFAANLMAFIALHAHRTSYELGKEKGNFPLLEISRYRTEDNFVPFAMGMSNYDDEIREVMKMTKEFRRNVALLTIAPTGSISNIADTSSGLEPNFLLAYTRFVTKEDGTKEPLLYVNQVLREKLNPEILKRIEKELIEKGSLKDIPDVPEKIKKVFVVALDIDPMDHLLMQDAFQRYVDNNISKTINMPQSATVDDVLNVYLEALRTNVRGITVYRDGSLQTQVLTKALKT,"ASP141,SER142,ILE143,ILE146,LEU170,ARG171,PHE176,VAL177,ALA178,GLY179,THR180,GLY182,LYS183,ALA184,SER185,PHE190"
AS065021001,2RD5,ARG,A,1000,MTVSTPPSIATGNAPSPDYRVEILSESLPFIQKFRGKTIVVKYGGAAMTSPELKSSVVSDLVLLACVGLRPILVHGGGPDINRYLKQLNIPAEFRDGLRVTDATTMEIVSMVLVGKVNKNLVSLINAAGATAVGLSGHDGRLLTARPVPNSAQLGFVGEVARVDPSVLRPLVDYGYIPVIASVAADDSGQAYNINADTVAGELAAALGAEKLILLTDVAGILENKEDPSSLIKEIDIKGVKKMIEDGKVAGGMIPKVKCCIRSLAQGVKTASIIDGRRQHSLLHEIMSDEGAGTMITG,"PHE33,LYS210,LYS232,GLU233,GLU284,ILE285,SER287,ASP288,GLU289,GLY290,ALA291,GLY292,THR293,MET294"
AS068016501,3IRH,DGT,A,458,MHHHHHHSSGVDLGTENLYFQSNAMTIPYKEQRLPIEKVFRDPVHNYIHVQHQVILDLINSAEVQRLRRIKQLGTSSFTFHGAEHSRFSHSLGVYEITRRICEIFQRNYSVERLGENGWNDDERLITLCAALLHDVGHGPYSHTFEHIFDTNHEAITVQIITSPETEVYQILNRVSADFPEKVASVITKQYPNPQVVQMISSQIDADRMDYLLRDAYFTGTEYGTFDLTRILRVIRPYKGGIAFAMNGMHAVEDYIVSRYQMYVQVYFHPVSRGMEVILDHLLHRAKELFENPEFDYDLQASLLVPFFKGDFTLQEYLKLDDGVLSTYFTQWMDVPDSILGDLAKRFLMRKPLKSATFTNEKESAATIAYLRELIEKVGFNPKYYTAINSSYDLPYDFYRPNKDRHRTQIELMQKDGSLVELATVSPLVAALAGQSQGDERFYFPKEMLDQGNKKHYDLFDETYREFSSYIHNGALVLKK,"PHE54,THR55,VAL247,ARG326,PRO328,LYS330,LYS422"
AS070016801,3KF0,4DX,A,201,PQITLWKRPLVTIKIGGQLKEALLDTGADDTVLEEMNLPGRWKPKMIGGIGGFIKVRQYDQILIEICGHKAIGTVLVGPTPVNIIGRNLLTQIGCTLNF,"LYS14,ILE15,GLY16,GLY17,GLN18,LEU63,ILE64,GLU65"
AS070016802,4EJ8,1F1,A,106,PQITLWKRPLVTIKIGGQLKEALLDTGADDTVIEEMNLPGRWKPKMIGGIGGFIKVRQYDQIIIEIAGHKAIGTVLVGPTPVNIIGRNLLTQIGATLNF,"TRP42,PRO44,LYS45,LYS55,VAL56,ARG57"
AS073017501,3ETE,GTP,A,553,ADREDDPNFFKMVEGFFDRGASIVEDKLVEDLKTRETEEQKRNRVRGILRIIKPCNHVLSLSFPIRRDDGSWEVIEGYRAQHSQHRTPCKGGIRYSTDVSVDEVKALASLMTYKCAVVDVPFGGAKAGVKINPKNYTDNELEKITRRFTMELAKKGFIGPGVDVPAPDMSTGEREMSWIADTYASTIGHYDINAHACVTGKPISQGGIHGRISATGRGVFHGIENFINEASYMSILGMTPGFGDKTFAVQGFGNVGLHSMRYLHRFGAKCVAVGESDGSIWNPDGIDPKELEDFKLQHGTILGFPKAKIYEGSILEVDCDILIPAASEKQLTKSNAPRVKAKIIAEGANGPTTPEADKIFLERNIMVIPDLYLNAGGVTVSYFEWLKNLNHVSYGRLTFKYERDSNYHLLMSVQESLERKFGKHGGTIPIVPTAEFQDRISGASEKDIVHSGLAYTMERSARQIMRTAMKYNLGLDLRTAAYVNAIEKVFRVYNEAGVTFT,"HIS209,ILE212,SER213,ARG217,LEU257,HIS258,ARG261,TYR262,ARG265,GLU292,LYS446,HIS450"
AS073017502,3MW9,NAI,A,604,ADREDDPNFFKMVEGFFDRGASIVEDKLVEDLKTRETEEQKRNRVRSILRIIKPCNHVLSLSFPIRRDDGSWEVIEGYRAQHSQHRTPCKGGIRYSTDVSVDEVKALASLMTYKCAVVDVPFGGAKAGVKINPKNYTDNELEKITRRFTMELAKKGFIGPGVDVPAPDMSTGEREMSWIADTYASTIGHYDINAHACVTGKPISQGGIHGRISATGRGVFHGIENFINEASYMSILGMTPGFGDKTFVVQGFGNVGLHSMRYLHRFGAKCITVGESDGSIWNPDGIDPKELEDFKLQHGTILGFPKAKIYEGSILEVDCDILIPAASEKQLTKSNAPRVKAKIIAEGANGPTTPEADKIFLERNIMVIPDLYLNAGGVTVSYFEWLNNLNHVSYGRLTFKYERDSNYHLLMSVQESLERKFGKHGGTIPIVPTAEFQDRISGASEKDIVHSGLAYTMERSARQIMRTAMKYNLGLDLRTAAYVNAIEKVFRVYNEAGVTFT,"HIS195,SER204,GLN205,GLY206,GLU384,ASN387,ASN388,HIS391,VAL392,SER393,GLU445"
AS073017503,3ETE,H3P,A,552,ADREDDPNFFKMVEGFFDRGASIVEDKLVEDLKTRETEEQKRNRVRGILRIIKPCNHVLSLSFPIRRDDGSWEVIEGYRAQHSQHRTPCKGGIRYSTDVSVDEVKALASLMTYKCAVVDVPFGGAKAGVKINPKNYTDNELEKITRRFTMELAKKGFIGPGVDVPAPDMSTGEREMSWIADTYASTIGHYDINAHACVTGKPISQGGIHGRISATGRGVFHGIENFINEASYMSILGMTPGFGDKTFAVQGFGNVGLHSMRYLHRFGAKCVAVGESDGSIWNPDGIDPKELEDFKLQHGTILGFPKAKIYEGSILEVDCDILIPAASEKQLTKSNAPRVKAKIIAEGANGPTTPEADKIFLERNIMVIPDLYLNAGGVTVSYFEWLKNLNHVSYGRLTFKYERDSNYHLLMSVQESLERKFGKHGGTIPIVPTAEFQDRISGASEKDIVHSGLAYTMERSARQIMRTAMKYNLGLDLRTAAYVNAIEKVFRVYNEAGVTFT,"LYS154,THR186,ILE187,HIS189,TYR190"
AS073017504,3ETG,GWD,A,552,ADREDDPNFFKMVEGFFDRGASIVEDKLVEDLKTRETEEQKRNRVRGILRIIKPCNHVLSLSFPIRRDDGSWEVIEGYRAQHSQHRTPCKGGIRYSTDVSVDEVKALASLMTYKCAVVDVPFGGAKAGVKINPKNYTDNELEKITRRFTMELAKKGFIGPGVDVPAPDMSTGEREMSWIADTYASTIGHYDINAHACVTGKPISQGGIHGRISATGRGVFHGIENFINEASYMSILGMTPGFGDKTFAVQGFGNVGLHSMRYLHRFGAKCVAVGESDGSIWNPDGIDPKELEDFKLQHGTILGFPKAKIYEGSILEVDCDILIPAASEKQLTKSNAPRVKAKIIAEGANGPTTPEADKIFLERNIMVIPDLYLNAGGVTVSYFEWLKNLNHVSYGRLTFKYERDSNYHLLMSVQESLERKFGKHGGTIPIVPTAEFQDRISGASEKDIVHSGLAYTMERSARQIMRTAMKYNLGLDLRTAAYVNAIEKVFRVYNEAGVTFT,"GLU142,LYS143,ARG146,ARG147,MET150,ASP181,THR182,SER185,THR186"
AS073025001,11BG,U2G,A,131,KESAAAKFERQHMDSGNSPSSSSNYCNLMMCCRKMTQGKCKPVNTFVHESLADVKAVCSQKKVTCKNGQTNCYQSKSTMRITDCRETGSSKYPNCAYKTTQVEKHIIVACGGKPSVPVHFDASV,"ASP14,ASN24,ASN27,LEU28,CYS31,ASN94,CYS95"
AS073027802,3PMA,SCR,B,248,IVEGQDAEVGLSPWQVMLFRKSPQELLCGASLISDRWVLTAAHCLLYPPWDKNFTVDDLLVRIGKHSRTRYERKVEKISMLDKIYIHPRYNWKENLDRDIALLKLKRPIELSDYIHPVCLPDKQTAAKLLHAGFKGRVTGWGNRRETWTTSVAEVQPSVLQVVNLPLVERPVCKASTRIRITDNMFCAGYKPGEGKRGDACEGDSGGPFVMKSPYNNRWYQMGIVSWGEGCDRDGKYGFYTHVFRLKKWIQKVIDRLGS,
AS075018201,1ZDS,ACM,A,2500,ATAAEIAALPRQKVELVDPPFVHAHSQVAEGGPKVVEFTMVIEEKKIVIDDAGTEVHAMAFNGTVPGPLMVVHQDDYLELTLINPETNTLMHNIDFHAATGALGGGGLTEINPGEKTILRFKATKPGVFVYHCAPPGMVPWHVVSGGNGAIMVLPREGLHDGKGKALTYDKIYYVGEQDFYVPRDENGKYKKYEAPGDAYEDTVKVMRTLTPTHVVFNGAVGALTGDKAMTAAVGEKVLIVHSQANRDTRPHLIGGHGDYVWATGKFNTPPDVDQETWFIPGGAAGAAFYTFQQPGIYAYVNHNLIEAFELGAAAHFKVTGEWNDDLMTSVLAPSG,"GLU47,HIS60,ALA61,MET62,LEU93,HIS95,TRP144,HIS145,SER148,PRO199"
AS076018301,3E5U,3C4,A,501,MSVEGLGKDFCGAIIPDNFFPIEKLRNYTQMGLIRDFAKGSAVIMPGEEITSMIFLVEGKIKLDIIFEDGSEKLLYYAGGNSLIGKLYPTGNNIYATAMEPTRTCWFSEKSLRTVFRTDEDMIFEIFKNYLTKVAYYARQVAEMNTYNPTIRILRLFYELCSSQGKRVGDTYEITMPLSQKSIGEITGVHHVTVSRVLASLKRENILDKKKNKIIVYNLGELKHLSEQTSYYSDPNSSSVDKLAAALDHH,"LEU63,LEU75,TYR76,LEU83,ILE84,GLY85,LYS86,THR90,ASN92,ILE94,TYR130,LYS133"
AS077018401,4B1F,KRH,A,1256,MKIGVFDSGVGGFSVLKSLLKARLFDEIIYYGDSARVPYGTKDPTTIKQFGLEALDFFKPHEIELLIVACNTASALALEEMQKYSKIPIVGVIEPSILAIKRQVEDKNAPILVLGTKATIQSNAYDNALKQQGYLNISHLATSLFVPLIEESILEGELLETCMHYYFTPLEILPEVIILGCTHFPLIAQKIEGYFMGHFALPTPPLLIHSGDAIVEYLQQKYALKNNACTFPKVEFHASGDVIWLERQAKEWLKL,"VAL10,GLY11,PHE13,SER14,LYS17,ILE149,GLU150,SER152,LEU154,THR182,HIS183,LEU186,TRP244,GLN248,TRP252,LEU253"
AS077018403,2W4I,VGA,B,1256,MKIGVFDSGVGGFSVLKSLLKARLFDEIIYYGDSARVPYGTKDPTTIKQFGLEALDFFKPHEIELLIVACNTASALALEEMQKYSKIPIVGVIEPSILAIKRQVEDKNAPILVLGTKATIQSNAYDNALKQQGYLNISHLATSLFVPLIEESILEGELLETCMHYYFTPLEILPEVIILGCTHFPLIAQKIEGYFMGHFALPTPPLLIHSGDAIVEYLQQKYALKNNACTFPKVEFHASGDVIWLERQAKEWLKL,"VAL37,PRO38,THR41,LYS117,SER143,LEU144,VAL146,PRO147,GLU150,GLU151"
AS078018801,2Q5O,PPY,A,5003,MGSSHHHHHHSSGLVPRGSHMKLAEALLRALKDRGAQAMFGIPGDFALPFFKVAEETQILPLHTLSHEPAVGFAADAAARYSSTLGVAAVTYGAGAFNMVNAVAGAYAEKSPVVVISGAPGTTEGNAGLLLHHQGRTLDTQFQVFKEITVAQARLDDPAKAPAEIARVLGAARAQSRPVYLEIPRNMVNAEVEPVGDDPAWPVDRDALAACADEVLAAMRSATSPVLMVCVEVRRYGLEAKVAELAQRLGVPVVTTFMGRGLLADAPTPPLGTYIGVAGDAEITRLVEESDGLFLLGAILSDTNFAVSQRKIDLRKTIHAFDRAVTLGYHTYADIPLAGLVDALLERLPPSDRTTRGKEPHAYPTGLQADGEPIAPMDIARAVNDRVRAGQEPLLIAADMGDCLFTAMDMIDAGLMAPGYYAGMGFGVPAGIGAQCVSGGKRILTVVGDGAFQMTGWELGNCRRLGIDPIVILFNNASWEMLRTFQPESAFNDLDDWRFADMAAGMGGDGVRVRTRAELKAALDKAFATRGRFQLIEAMIPRGVLSDTLARFVQGQKRLHAAPRE,"ARG60,VAL211,ARG214,ARG215,MET238,GLY239,ARG240,GLY241,LEU242,LEU375,GLY394,LEU395,MET396,ALA397"
AS079019001,1UXV,AMP,A,1503,MRAGLLEGVIKEKGGVPVYPSYLAGEWGGSGQEIEVKSPIDLATIAKVISPSREEVERTLDVLFKRGRWSARDMPGTERLAVLRKAADIIERNLDVFAEVLVMNAGKPKSAAVGEVKAAVDRLRLAELDLKKIGGDYIPGDWTYDTLETEGLVRREPLGVVAAITPFNYPLFDAVNKITYSFIYGNAVVVKPSISDPLPAAMAVKALLDAGFPPDAIALLNLPGKEAEKIVADDRVAAVSFTGSTEVGERVVKVGGVKQYVMELGGGDPAIVLEDADLDLAADKIARGIYSYAGQRCDAIKLVLAERPVYGKLVEEVAKRLSSLRVGDPRDPTVDVGPLISPSAVDEMMAAIEDAVEKGGRVLAGGRRLGPTYVQPTLVEAPADRVKDMVLYKREVFAPVALAVEVKDLDQAIELANGRPYGLDAAVFGRDVVKIRRAVRLLEVGAIYINDMPRHGIGYYPFGGRKKSGVFREGIGYAVEAVTAYKTIVFNYKGKGVWKYE,"ARG72,ARG79,LYS132,ILE133,GLY134,GLY135,ARG154,ARG155,GLU156,PRO157,TYR184,VAL479,THR483"
AS085020801,3HO8,COA,A,2001,MKQIKKLLVANRGEIAIRIFRAAAELDISTVAIYSNEDKSSLHRYKADESYLVGSDLGPAESYLNIERIIDVAKQANVDAIHPGYGFLSENEQFARRCAEEGIKFIGPHLEHLDMFGDKVKARTTAIKADLPVIPGTDGPIKSYELAKEFAEEAGFPLMIKATSGGGGKGMRIVREESELEDAFHRAKSEAEKSFGNSEVYIERYIDNPKHIEVQVIGDEHGNIVHLFERDCSVQRRHQKVVEVAPSVGLSPTLRQRICDAAIQLMENIKYVNAGTVEFLVSGDEFFFIEVNPRVQVEHTITEMVTGIDIVKTQILVAAGADLFGEEINMPQQKDITTLGYAIQCRITTEDPLNDFMPDTGTIIAYRSSGGFGVRLDAGDGFQGAEISPYYDSLLVKLSTHAISFKQAEEKMVRSLREMRIRGVKTNIPFLINVMKNKKFTSGDYTTKFIEETPELFDIQPSLDRGTKTLEYIGNVTINGFPNVEKRPKPDYELASIPTVSSSKIASFSGTKQLLDEVGPKGVAEWVKKQDDVLLTDTTFRDAHQSLLATRVRTKDMINIASKTADVFKDGFSLEMWGGATFDVAYNFLKENPWERLERLRKAIPNVLFQMLLRASNAVGYKNYPDNVIHKFVQESAKAGIDVFRIFDSLNWVDQMKVANEAVQEAGKISEGTICYTGDILNPERSNIYTLEYYVKLAKELEREGFHILAIKDMAGLLKPKAAYELIGELKSAVDLPIHLHTHDTSGNGLLTYKQAIDAGVDIIDTAVASMSGLTSQPSANSLYYALNGFPRHLRTDIEGMESLSHYWSTVRTYYSDFESDIKSPNTEIYQHEMPGGQYSNLSQQAKSLGLGERFDEVKDMYRRVNFLFGDIVKVTPSSKVVGDMALYMVQNDLDEQSVITDGYKLDFPESVVSFFKGEIGQPVNGFNKDLQAVILKGQEALTARPGEYLEPVDFEKVRELLEEEQQGPVTEQDIISYVLYPKVYEQYIQTRNQYGNLSLLDTPTFFFGMRNGETVEIEIDKGKRLIIKLETISEPDENGNRTIYYAMNGQARRIYIKDENVHTNANVKPKADKSNPSHIGAQMPGSVTEVKVSVGETVKANQPLLITEAMKMETTIQAPFDGVIKQVTVNNGDTIATGDLLIEIEKATD,"ARG398,ARG445,ARG448,GLU449,ARG451,ARG453,SER493,LEU494,ASP495,ARG496,GLY497,ILE1052,GLY1055,LYS1056,ARG1057,LEU1058,MET1080,ASN1081,ARG1085"
AS086025301,3PG9,TYR,A,339,MIVVLKPGSTEEDIRKVVKLAESYNLKCHISKGQERTVIGIIGDDRYVVADKFESLDCVESVVRVLKPYKLVSREFHPEDTVIDLGDVKIGNGYFTIIAGPCSVEGREMLMETAHFLSELGVKVLRGGAYKPRTSPYSFQGLGEKGLEYLREAADKYGMYVVTEALGEDDLPKVAEYADIIQIGARNAQNFRLLSKAGSYNKPVLLKRGFMNTIEEFLLSAEYIANSGNTKIILCERGIRTFEKATRNTLDISAVPIIRKESHLPILVDPSHSGGRRDLVIPLSRAAIAVGAHGIIVEVHPEPEKALSDGKQSLDFELFKELVQEMKKLADALGVKVN,"SER31,GLY33,GLN34,GLU35,ARG36,VAL38"
AS090021801,2RDE,C2E,A,301,MGSSHHHHHHSSGLVPRGSHMTVSTINSTDALAMVEHSSELTLSITTPVGTKFVCRTPFIGTHTDKFLLVEMPKISADDLQYFFQEGFWMNIRAISPRGEGALIHFRSQLMHILQEPVPMAFLSIPNTMQVSQLRKEPRFELNLAGKVLFDEHRGDCELRDLSRSGCRFITPPLGKTYQVGDLVALEIFSDLRGTKTFPPLTGKICNLQRSLHHARYGLEFNEEGRNNAKNLLAQLKFNGTKLTLNAEKKA,"ILE96,LEU135,ARG136,LYS137,ARG140,ASP162,LEU163,SER164,SER166,GLY167,CYS168,ARG169,CYS207,ASN208,GLY219,LEU220,GLU221"
AS091022202,3PJG,UGA,A,902,MGSSHHHHHHSSGLVPRGSHMASMTGGQQMGRGSEFMKITISGTGYVGLSNGVLIAQNHEVVALDIVQAKVDMLNQKISPIVDKEIQEYLAEKPLNFRATTDKHDAYRNADYVIIATPTDYDPKTNYFNTSTVEAVIRDVTEINPNAVMIIKSTIPVGFTRDIKERLGIDNVIFSPEFLREGRALYDNLHPSRIVIGERSARAERFADLLKEGAIKQDIPTLFTDSTEAEAIKLFANTYLALRVAYFNELDSYAESQGLNSKQIIEGVCLDPRIGNHYNNPSFGYGGYCLPKDTKQLLANYESVPNNIIAAIVDANRTRKDFIADSILARKPKVVGVYRLIMKSGSDNFRASSIQGIMKRIKAKGIPVIIYEPVMQEDEFFNSRVVRDLNAFKQEADVIISNRMAEELADVADKVYTRDLFGND,"LYS256,ASP257,LYS259,LYS284,GLN319,GLY320,MET322,LYS323,ARG324,LYS326,PHE344,PHE345"
AS093022901,4BQH,9VU,A,1539,PLGSMSDRDVCIQRLTGANQDHILTALEHGSEAERASLTAQITNELAGVDFRHFNDVLRESLEISKNCSTASLAEPPAKDSFFDISSVDRRRGQAKRIKNLEAVGYKAIQKGQIAFLILAGGSGTRLGFDKPKGFFTCDGLQQRKSLFMMHCEKIRRRQEIAESISGSGRKARVQLLVMTSGQNDAETQRFFEENSYFGLEREQVHFFAQSSVPCYDENTGRIIMENRGRICAAPGGNGAVFAALAAPRATKDKDGTLQVKESLLQHLRKLGIAYVQIGNIDNLLANVADPVFIGYAIEEEAHVVVKTCPKRGPDERVGVFVRASGKWGVVEYTEIGDRAKEIDDATGELKFNCANISSNLCSLHFMSLAAERMKSFTQYHAARKKIPTIKGPVMGIKLEAFLFDLFRFVDECDHPPKDSGAFRIMQVDRDDEFGPVKNADGAASDTPADAVRLLLSQHTRWLITALETAAMSDEQESIRGGVDVTEAKEAVAVMRSCSIKAEISPLVSVGGEGLRQHLPRVIHQLLRNPPPVIFIRRDDEVVSESSNM,"GLY44,VAL45,ASP46,HIS49,PHE50,SER207,SER208,VAL209,GLY232,GLY233,GLY235,ALA236,PHE238,ALA239,ALA242,ALA367,MET370,LYS371,TYR376,ALA397"
AS094023001,1JLR,GTP,A,303,AQVPASGKLLVDPRYSTNDQEESILQDIITRFPNVVLMKQTAQLRAMMTIIRDKETPKEEFVFYADRLIRLLIEEALNELPFQKKEVTTPLDVSYHGVSFYSKICGVSIVRAGESMESGLRAVCRGVRIGKILIQRDETTAEPKLIYEKLPADIRERWVMLLDPMCATAGSVCKAIEVLLRLGVKEERIIFVNILAAPQGIERVFKEYPKVRMVTAAVDICLNSRYYIVPGIGDFGDRYFGTM,"LEU78,LEU81,PHE101,SER103,LYS104,ILE105,VAL124,CYS125,ARG129,ARG158"
AS095023401,2VD3,HIS,A,1290,AVPKIRIAVPSKGRISEPAIRLLENAGVGLKDTVNRKLFSKTQHPQIEVMFSRAADIPEFVADGAADLGITGYDLIVERGSDVEILEDLKYGRASLVLAAPEDSTIRGPEDIPRGAVIATEFPGITENYLREHGIDAEVVELTGSTEIAPFIGVADLITDLSSTGTTLRMNHLRVIDTILESSVKLIANRESYATKSGIIEELRTGIRGVIDAEGKRLVMLNIDRKNLDRVRALMPGMTGPTVSEVLSDNGVVAVHAVVDEKEVFNLINRLKAVGARDILVVPIERIIP,"LEU216,GLY235,MET236,THR237,GLY238,PRO239,THR240,HIS254,ALA255,VAL256"
AS096023701,4MBS,MRV,A,1101,GAPDYQVSSPIYDINYYTSEPCQKINVKQIAARLLPPLYSLVFIFGFVGNMLVILILINYKRLKSMTDIYLLNLAISDLFFLLTVPFWAHYAAAQWDFGNTMCQLLTGLYFIGFFSGIFFIILLTIDRYLAVVHAVFALKARTVTFGVVTSVITWVVAVFASLPNIIFTRSQKEGLHYTCSSHFPYSQYQFWKNFQTLKIVILGLVLPLLVMVICYSGILKTLLRMKKYTCTVCGYIYNPEDGDPDNGVNPGTDFKDIPDDWVCPLCGVGKDQFEEVEEEKKRHRDVRLIFTIMIVYFLFWAPYNIVLLLNTFQEFFGLNNCSSSNRLDQAMQVTETLGMTHCCINPIIYAFVGEEFRNYLLVFFQKHIAKRFCKCCSIFQQEAPERASSVYTRSTGEQEISVGLGRPLEVLFQ,"TYR37,TRP86,TYR89,TYR108,PHE109,PHE112,PHE182,LYS191,GLN194,THR195,ILE198,TRP248,TYR251,LEU255,THR259,MET279,GLU283,THR284,MET287"
AS097024201,1I7S,TRP,A,601,MNTKPQLTLLKVQASYRGDPTTLFHQLCGARPATLLLESAEINDKQNLQSLLVIDSALRITALGHTVSVQALTANGPALLPLLDEALPPEVRNQARPNGRELTFPAIDAVQDEDARLRSLSVFDALRTILTLVDSPADEREAVMLGGLFAYDLVAGFENLPALRQDQRCPDFCFYLAETLLVLDHQRGSARLQASVFSEQASEAQRLQHRLEQLQAELQQPPQPIPHQKLENMQLSCNQSDEEYGAVVSELQEAIRQGEIFQVVPSRRFSLPCPAPLGPYQTLKDNNPSPYMFFMQDDDFTLFGASPESALKYDAGNRQIEIYPIAGTRPRGRRADGSLDLDLDSRIELEMRTDHKELAEHLMLVDLARNDLARICQAGSRYVADLTKVDRYSFVMHLVSRVVGTLRADLDVLHAYQACMNMGTLSGAPKVRAMQLIAALRSTRRGSYGGRVGYFTAVRNLDTCIVIRSAYVEDGHRTVQAGAGVVQDSIPEREADETRNKARAVLRAIATAHHAKEVF,"LEU38,GLU39,SER40,LEU49,GLN50,LEU52,PRO291,TYR292,MET293,PHE294,VAL453,GLY454,TYR455,ASP463,THR464,CYS465"
AS099025701,2BE9,CTP,B,401,MEFMMEIQGNRKELMVSKIKNGTVIDHIPAGRAFAVLNVLGIKGHEGFRIALVINVDSKKMGKKDIVKIEDKEISDTEANLITLIAPTATINIVREYEVVKKTKLEVPKVVKGILKCPNPYCITSNDVEAIPTFKTLTEKPLKMRCEYCETIIDENEIMSQILGANNK,"SER13,LYS14,ILE15,VAL20,ASP22,HIS23,LYS64,THR86,ASN88,VAL90,TYR93,GLU94,VAL95,LYS98"
AS100025801,3MWB,PHE,B,311,SNAXSAVTYTFLGPQGTFTEAALXQVPGAADATRIPCTNVNTALERVRAGEADAAXVPIENSVEGGVTATLDAIATGQELRIIREALVPITFVLVARPGVELSDIKRISTHGHAWAQCRLWVDEHLPNADYVPGSSTAASAXGLLEDDAPYEAAICAPLIAAEQPGLNVLAEDIGDNPDAVTRFILVSRPGALPERTGADKTTVVVPLPEDHPGALXEILDQFASRGVNLSRIESRPTGQYLGHYFFSIDADGHATDSRVADALAGLHRISPATRFLGSYARADKQPAVVAPHTSDAAFASAHAWVDSILKGS,"LEU205,ASP208,HIS209,PRO210,GLY211,ALA212,LEU213,SER232,TYR242,PHE244"
AS105026301,1NJJ,GET,A,601,KSMDIVVNDDLSCRFLEGFNTRDALCKKISMNTCDEGDPFFVADLGDIVRKHETWKKCLPRVTPFYAVKCNDDWRVLGTLAALGTGFDCASNTEIQRVRGIGVPPEKIIYANPCKQISHIRYARDSGVDVMTFDCVDELEKVAKTHPKAKMVLRISTDDSLARCRLSVKFGAKVEDCRFILEQAKKLNIDVTGVSFHVGSGSTDASTFAQAISDSRFVFDMGTELGFNMHILDIGGGFPGTRDAPLKFEEIAGVINNALEKHFPPDLKLTIVAEPGRYYVASAFTLAVNVIAKKVTPGVQTDVGAHAESNAQSFMYYVNDGVYGSFNCILYDHAVVRPLPQREPIPNEKLYPSSVWGPTCDGLDQIVERYYLPEMQVGEWLLFEDMGAYTVVGTSSFNGFQSPTIYYVVSGLPDHVVRELKSQKS,"ARG22,ASP243,LEU339,PRO340,GLN341,ARG342,LEU382,GLU384,ASP385"
AS106026801,2HVW,DCP,A,1201,MGSSHHHHHHSSGLVPRGSHMASMTGGQQMGRGSMTNRLSWQDYFMANAELISKRSTCNRAYVGAVLVKNNRIIATGYNGGVADTDNCDDVGHEMEDGHCIRTVHAEMNALIQCAKEGISANNTEIYVTHFPCINCTKALLQAGVKKITYNTAYRIHPFAIELMTQKEVEYVQHDVPRVKLGEK,"ARG21,THR23,THR42,GLY43,TYR44,GLY46,GLY47,ALA49,ASP50,ASN53,VAL70,ASN75"
AS107027301,2VPR,TDC,A,1206,MAKLDKEQVIDNALILLNEVGIEGLTTRKLAQKIGVEQPTLYWHVKNKRALLDALAETILQKHHHHVLPLPNETWQDFLRNNAKSFRQALLMYRDGGKIHAGTRPSESQFETSEQQLQFLCDAGFSLSQAVYALSSIAHFTLGSVLETQEHQESQKEREKVETDTVAYPPLLTQAVAIMDSDNGDAAFLFVLDVMISGLETVLKSAK,"LEU60,HIS64,VAL67,ASN82,PHE86,HIS100,THR103,ARG104,PRO105,GLN109,SER113,GLN116,LEU134,SER135,ILE137,ALA138"
AS109027901,3HO6,IHP,A,270,SEDNGVDFNKNTALDKNYLLNNKIPSNNVEEAGSKNYVHYIIQLQGDDISYEATCNLFSKNPKNSIIIQRNMNESAKSYFLSDDGESILELNKYRIPERLKNKEKVKVTFIGHGKDEFNTSEFARLSVDSLSNEISSFLDTIKLDISPKNVEVNLLGCNMFSYDFNVEETYPGKLLLSIMDKITSTLPDVNKNSITIGANQYEVRINSEGRKELLAHSGKWINKEEAIMSDLSSKEYIFFDSIDNKLKAKSKNIPGLASISEDIKTL,"LYS35,TYR37,LEU57,LYS60,ASN61,LYS105,LYS107,ASN154,ILE206,GLY210,ARG211,LYS212,LYS224,LYS235,TYR237,LYS252,ASN253"
AS112028601,1QW7,EBP,A,702,SIGTGDRINTVRGPITISEAGFTLTHEHICGSSAGFLRAWPEFFGSRKALAEKAVRGLRRARAAGVRTIVDVSTFDIGRDVSLLAEVSRAADVHIVAATGLWFDPPLSMRLRSVEELTQFFLREIQYGIEDTGIRAGIIXVATTGKATPFQELVLKAAARASLATGVPVTTHTAASQRDGEQQAAIFESEGLSPSRVCIGHSDDTDDLSYLTALAARGYLIGLDRIPHSAIGLEDNASASALLGIRSWQTRALLIKALIDQGYMKQILVSNDWLFGFSSYVTNIMDVMDRVNPDGMAFIPLRVIPFLREKGVPQETLAGITVTNPARFLSPTLRAS,"PHE51,ALA93,GLY94,PRO329,ILE333,ALA347,THR350,VAL351"
