PDB ID,Modulator Name,Modulator ID,Chain ID
3UO9,04A,2,B
4B2D,SER,1532,A
3H6O,FBP,541,A
4G1N,NZT,603,A
2YHD,AV6,1921,A
2YLO,YLO,1922,A
3O96,IQO,444,A
1GZ3,FUM,605,A
3KCG,NTP,433,I
3PTZ,UDX,501,A
2XJC,B4P,1490,A
4BZB,DGT,800,A
4NBN,2J7,401,B
3PYY,3YY,538,A
1SHJ,NXN,401,A
4AW0,MJF,600,A
3M6F,BJZ,1,A
3ZCW,4A2,1366,A
4BBG,V02,1370,A
1EM6,CP4,862,A
3IFA,AMP,339,A
3PXF,2AN,304,A
3F9N,38M,324,A
4HSG,KTD,601,A
1T49,892,301,A
2BXA,C1F,2001,A
3LU6,IMX,587,A
1NSG,RAD,108,A
4EBW,0PF,700,A
3N1V,3N1,1,F
3H1V,TK1,501,X
4E6C,0O8,500,A
3HNC,TTP,802,A
2BU6,TF2,1386,A
2BU7,TF3,1386,A
2BU8,TF4,1379,A
1Z8D,AMP,900,A
1Z8D,ADE,902,A
4CFE,992,1553,A
4I1R,LZU,801,A
1B86,DG2,701,D
3LW0,CCX,1,A
3O2M,46A,701,A
2I7N,ACO,796,A
4IO8,3FD,401,A
4JA8,1K9,502,A
3LSW,4MP,801,A
3QH0,PLM,625,A
3QOP,CMP,301,A
2HIM,ASN,8001,A
1CE8,ORN,5011,A
1CE8,IMP,5012,A
2Q8M,BG6,340,A
4JAF,NAI,503,A
3R1R,ATP,762,A
2WU1,16G,1267,A
1PCQ,ADP,600,A
1H5S,TMP,1292,A
1H9G,COA,1228,A
2JFN,UMA,1286,A
1PFK,ADP,326,A
3EPS,AMP,1604,A
3VQ8,BCU,1006,A
3L3V,SUC,1,A
4P3H,25G,201,A
2PUV,UD1,5003,B
3KGF,PHE,9003,A
3KGF,TRP,9004,A
1NH8,HIS,289,A
1QP0,HPA,599,A
2LDB,FBP,6,C
3BZ7,BL4,800,A
2JHR,PBQ,1780,A
4KKO,1RE,601,A
4KFB,1QP,601,A
4IG3,J94,609,A
4ETZ,C2E,501,A
4BO2,36K,1248,A
4EAJ,AMP,403,C
3QEL,QEL,1,B
1DKU,AP2,1002,A
1XTU,CTP,1260,A
4MRA,QUE,901,A
4AHS,AKH,1216,A
4OO9,2U8,4005,A
4EO6,0S2,600,A
3G86,T18,571,A
3LAJ,ARG,200,A
4NLD,2N7,601,A
1KZ8,PFE,738,A
3CSM,TRP,300,A
1W96,S1A,1567,A
2D5X,L35,1201,B
1XJF,DTP,1002,A
2RD5,ARG,1000,A
3IRH,DGT,458,A
3KF0,4DX,201,A
4EJ8,1F1,106,A
3ETE,GTP,553,A
3MW9,NAI,604,A
3ETE,H3P,552,A
3ETG,GWD,552,A
3PMA,SCR,248,B
4B1F,KRH,1256,A
2W4I,VGA,1256,B
2Q5O,PPY,5003,A
1UXV,AMP,1503,A
3HO8,COA,2001,A
3PG9,TYR,339,A
1JLR,GTP,303,A
2BE9,CTP,401,B
2HVW,DCP,1201,A
3HO6,IHP,270,A
2HH7,CU1,120,A
2BBH,MG,302,A
4W9N,TCL,1905,B
6PGU,OK7,1702,A
4XCZ,T3Q,403,A
6E5G,HUY,501,B
6QSS,7MT,401,A
6O04,DNA,601,A
5KKN,6U3,801,B
5URK,8LP,2202,A
4P86,5GP,182,A
7DJT,H8L,1001,G
6GFM,0O2,501,A
7C7Q,2C0,1007,A
3ETD,GTP,553,A
2VK1,PYR,603,A
3KJQ,B94,480,A
4C7B,BVB,1395,A
4LRL,DGT,502,B
6UEL,Q5A,1494,A
1F2U,ATP,901,A
3ZM9,QMQ,1458,A
2O8D,ADP,936,A
4QPL,V3L,201,A
5KLP,IHP,401,A
5JWC,4W0,609,H
5IN4,6CK,1003,A
6IQ4,D0X,201,G
6JTA,GLN,1302,A
6VVE,IHP,401,A
2I80,G1L,400,A
2VD4,P21,1454,A
4PFK,ADP,326,A
2BTY,ARG,1283,A
3MKS,C1C,1,D
3HV8,C2E,900,A
4NCJ,ADP,901,A
1HAK,K21,901,A
3PNA,CMP,250,A
4YW8,1WD,708,A
5I2C,ARG,323,A
5NPP,94K,1502,B
5LVX,79B,507,A
5J6F,PRE,404,A
6THC,N9N,503,B
6JVU,CYS,701,B
3GNV,XNZ,579,A
4TPT,35H,701,A
2RDE,C2E,301,A
5GSA,73K,501,A
5UT4,DQX,901,A
5YVT,NAI,402,A
6X3X,DZP,406,C
6ON5,ZN,201,A
7CFN,FX0,401,R
1I72,PUT,350,A
4ZHX,C2Z,401,E
1M8P,PPS,574,A
4N6H,NA,1220,A
5F6Y,5VM,201,A
3K8S,Z27,2,B
2CEV,GAI,1001,A
4USW,ACT,1470,A
6BPP,E1M,601,A
6RRP,URS,601,A
4ZHT,NCC,502,A
4EJN,0R4,501,A
5NDD,8TZ,2201,A
5H08,7WL,2101,A
5X13,HC4,301,A
6HGG,HCY,401,A
6CWY,FHJ,707,D
1JL0,PUT,2010,A
5IFU,GBM,801,A
6KE5,6UB,1301,B
5JJS,6L2,1004,A
5OLK,DTP,1001,A
6RMD,ATP,501,D
6PWH,VRD,201,A
3H30,RFZ,337,A
5TKV,CTP,601,A
4DCH,4DC,502,A
1DP4,CL,610,A
1B4B,ARG,1,A
3SMQ,TDU,1,A
5NN4,SC2,1016,A
6X81,UTJ,201,A
3LA3,2FT,224,A
4PPV,PHE,401,A
1FAP,RAP,108,A
4KGA,NI,301,A
6KU3,GA4,401,A
6S2U,GN3,403,A
6QX1,JK8,702,B
5WJ6,B4A,601,A
3F1O,2XY,1,A
5LU8,5KN,306,A
5V02,657,201,R
5TPW,ZN,401,B
6D9S,G4P,201,A
7D8X,GZR,502,B
3JVS,AGY,900,A
2WGH,DTP,1745,A
2G9K,NE1,501,A
2DEW,CA,903,X
4EJK,IOP,101,A
1AQM,CL,900,A
5W40,IHP,501,A
5M18,MUR,703,A
5M0M,7CF,925,A
5UXM,TRP,502,A
6W29,SEV,601,A
6MO0,JVJ,1158,A
6N3O,KA7,2500,A
7DUQ,HNO,701,A
4M1P,CU1,201,A
4COJ,DTP,654,A
5CRL,HG,201,A
6FHK,ADP,401,A
6C98,ER7,101,B
3WGG,8NA,301,A
6IZW,GSP,301,A
6XNV,2BA,201,A
6QU4,JJ2,1001,A
4HNN,LYS,401,A
5DSG,P6G,1205,A
4DFZ,MYR,401,E
6NCF,AF7,702,B
4B6E,10L,1722,B
2VPR,TDC,1206,A
4N87,GBJ,201,A
1IG5,MG,78,A
4NHV,2O6,308,A
3C31,LI,301,A
5NZK,PHE,601,A
6C99,EQY,301,A
4C8B,0LI,1000,A
7ABU,R6Q,401,A
6QKW,FAH,402,B
6BOZ,E1J,402,A
1AZX,NTP,502,I
4TPW,33R,302,A
4QSK,2BA,2000,A
5KQD,PKZ,401,A
1OJ9,1PB,1503,A
5WMX,ZCW,503,A
7AUD,RY8,1303,A
5LGE,6VN,502,B
5Y66,7ZR,502,A
6BHV,DQV,1101,A
1OF6,DTY,1370,A
2OZ6,CMP,301,A
4K5Y,1Q5,401,A
6I5G,PTG,607,A
2P9C,SER,451,A
3CMW,ADP,502,A
5MO4,AY7,602,A
3HL8,BBP,501,A
2V0N,C2E,503,A
2VD3,HIS,1290,A
3MWB,PHE,311,B
2NW8,TRP,308,A
6HX1,GXK,1001,A
4Q9O,2ZW,301,A
5KDF,6RU,201,A
4OFG,PCG,601,A
5K5M,68T,1003,A
5T3N,75G,503,A
6SWX,LWN,801,A
6UI4,Q8V,802,A
3TUV,ATP,1020,A
2P2N,ASN,8001,A
2Q5Q,KPV,5004,A
3OF1,CMP,501,A
2FHY,A37,502,A
6BOJ,E31,703,A
2A69,RPT,8001,C
4N5D,2FQ,401,A
5JYO,63J,601,C
5UE4,5XQ,307,B
5O2D,9HH,1201,A
6CJX,NAG,501,A
6YD6,OMW,402,A
4OP0,BT5,301,A
5DW0,NA,402,A
5VAR,92Y,1101,A
6VKK,RPB,1101,A
6MC1,CJA,500,A
6NWL,HCY,301,A
1A9X,ORN,1920,A
4YI8,CA,301,A
1E7B,HLT,4001,A
3K5V,STJ,1,A
1UM8,ADP,487,A
5LYQ,7BE,501,A
2Y39,NI,150,A
4TME,ETA,219,A
5F74,AMP,233,A
6T65,MLH,301,C
4NES,UD1,400,A
3FUD,692,710,A
6B21,C9V,501,A
4PLE,CPS,603,A
6DJA,ZN,258,A
4MBS,MRV,1101,A
3GCD,IHP,214,A
1FX2,DTT,1124,A
4G8O,96P,403,D
6SQU,D7I,801,B
7LVL,LYS,401,A
4XNV,BUR,1101,A
1XJE,TTP,1005,A
5L32,ZN,203,A
4LUC,20G,203,A
4P02,C2E,918,A
6FBA,D48,402,A
6IIK,IU1,501,A
6KKB,8HO,501,X
7EHM,J4C,401,A
6S43,KUE,468,A
6R02,HIS,401,A
7NPX,FAD,601,A
1I7S,TRP,601,A
5C2O,TTP,704,A
1EFA,NPF,901,A
1FCJ,CL,2006,A
1I6K,TYM,350,A
5WIV,NA,1224,A
3LAP,GGB,200,A
1R1V,ZN,501,A
5LRS,GSH,301,A
4EU0,C2E,501,A
6T4G,L3E,602,A
6CGN,DA,801,A
6U26,063,801,B
6RFU,ATP,601,A
6E3U,HNJ,401,B
1WQW,BT5,1301,A
1QW7,EBP,702,A
2C2B,SAM,500,A
2PTM,CMP,401,A
1B4K,MG,402,A
3LCB,AMP,1604,A
5XZR,8J6,601,A
3DZ3,PUT,350,B
3KJF,B92,285,B
4UUU,SAM,1546,A
2ZB2,A46,850,A
5FII,PHE,901,A
2QMX,PHE,303,A
5X69,7ZC,401,A
6R49,JSB,504,A
2Y0P,ACO,2228,A
5DL1,5C2,201,A
3IJG,AVR,200,C
4RUK,COA,201,A
5IM3,DTP,1001,A
6VFN,SPM,201,A
1W0F,STR,1499,A
2V4Y,GTP,1242,A
1NJJ,GET,601,A
3D2E,ATP,1001,A
4GX0,CA,607,A
6E3S,79A,401,A
6G1B,PEO,405,J
6U60,TYR,401,A
1AO0,ADP,468,A
7E6T,CA,902,A
1FRZ,16G,1267,A
6W30,SJA,502,A
4BQH,9VU,1539,A
1RD4,L08,328,A
3D2P,ARG,438,A
1VST,GTP,301,A
1MC0,PCG,160,A
1ZDS,ACM,2500,A
3PEE,IHP,255,A
2ZMF,CMP,2001,A
1Z2L,SO4,513,A
5EWL,5SL,508,A
4P2T,24Q,201,A
5DED,0O2,302,A
5NGZ,2BG,201,A
5LWE,79K,401,A
5O1S,9HB,802,A
6YUH,POW,503,A
1ZXM,ANP,901,A
6KUN,IAC,402,A
3I54,CMP,301,A
4KZT,ARG,501,A
3ZZH,ARG,1362,C
3F6G,ILE,1,B
5w3Q,NDP,201,A
6KX3,8ZO,202,A
3I0R,RT3,601,A
3E5U,3C4,501,A
5KWJ,6Y3,401,A
6ITO,R5P,503,A
5BQ1,CO2,302,A
3L76,LYS,603,A
5I2N,67J,303,A
1PZP,FTA,300,A
6VBI,FZA,901,A
1H78,DCP,1589,A
4Q0A,4OA,502,C
4OHF,5GP,501,A
7BHR,TQE,401,A
5T3O,SO4,402,B
4WLW,AG,200,A
6ZGV,QKZ,401,D
6HGL,TES,401,B
6EG3,J7G,1001,A
5W5T,9X7,503,F
1FIY,ASP,884,A
3EQC,3BM,1,A
2YC3,MW5,1301,A
4ZJI,4OQ,601,A
4AVC,CMP,400,A
5HCJ,MBR,402,E
4GRS,TYR,401,A
3ZOU,6H6,1299,A
4OV9,VPM,402,A
2CDQ,SAM,1500,A
3DC2,SER,600,A
6ZOD,FUA,1213,B
5JA7,6HM,301,A
3PDT,PO4,810,A
4I0U,MG,401,A
3FYH,ADP,401,A
5Z46,MG,402,A
6NBL,CYN,502,A
1XMV,ADP,400,A
4OR2,FM9,1901,A
5S4Q,WVD,505,B
3PJG,UGA,902,A
6F7I,CW5,801,A
1MHO,CA,91,A
6UXY,QKY,701,A
6QZH,JLW,1502,A
7LGW,CL,801,A
2EWN,BTX,501,A
4P9D,TTP,203,A
3ATH,AKG,430,A
4FXY,0W2,701,P
5E84,ATP,801,A
5AA4,6X4,1458,A
4WV7,3UM,601,A
5OJ0,9WT,801,A
6LI0,EN6,1401,A
1EUP,ASD,452,A
3WPN,B4S,401,A
1PO0,FLC,742,A
3HFR,6JZ,270,A
4RUT,LM8,706,A
1DD7,1PM,601,A
7LMY,Y6Y,903,A
5XEZ,97V,1208,A
2Q6H,CXX,801,A
3ZG1,NI,150,A
4ZSK,4QY,301,B
6DW4,HF7,705,A
1BJ4,PLP,500,A
5IWD,6EV,301,A
5K8T,MG,703,A
6P4V,8XY,401,A
6Z89,QBK,301,A
6OM8,UDX,501,A
2J3Q,TFL,1538,A
3KH5,AMP,282,A
1WMQ,HIS,2001,A
2R1R,TTP,762,A
1XXB,ARG,1,A
4MDK,U94,201,A
3DBA,35G,1,A
4FYW,CTP,202,B
1NXG,NAI,3000,A
1UXP,AMP,1502,A
1HKB,G6P,919,A
4CHY,C5Q,1214,B
3UQD,ATP,404,A
2BU5,TF1,1386,A
2CLL,F9F,1268,A
5AFJ,42R,1205,A
11BG,U2G,131,A
1JFS,HPA,599,A
4ROM,3U8,202,A
6N82,YF7,404,F
5N9R,8RN,1003,A
3THO,ADP,1452,A
3ZLK,Y46,400,A
2PUT,UD1,5003,B